CustomerID,tenure,MonthlyCharges,TotalCharges,Contract,InternetService,PaymentMethod,TechSupport,SeniorCitizen,Churn
ID_0,56,105.60115133196648,2988.4996288463326,One year,DSL,Bank transfer,No,0,No
ID_1,10,45.750477517792824,853.10488152009,Two year,Fiber optic,Mailed check,Yes,0,No
ID_2,33,57.80796138674081,7839.213635462957,One year,No,Mailed check,No,0,No
ID_3,36,45.957171911459014,4516.758296648037,One year,No,Bank transfer,Yes,1,No
ID_4,70,104.40547600776867,500.08087566041087,One year,Fiber optic,Bank transfer,Yes,0,No
ID_5,70,30.668663879519457,3633.402275415078,One year,No,Electronic check,Yes,0,No
ID_6,37,102.86006452379685,4401.838794872596,Two year,DSL,Electronic check,No,0,Yes
ID_7,41,90.55278151554562,1251.7406403634602,One year,Fiber optic,Bank transfer,Yes,0,No
ID_8,56,78.90442943088061,1722.826692686434,Two year,Fiber optic,Electronic check,No,1,No
ID_9,31,98.12498341262389,7957.502658913148,Two year,No,Mailed check,No,1,No
ID_10,32,43.79713086275454,5262.932300310085,Month-to-month,DSL,Credit card,No,0,No
ID_11,13,36.48344047893865,2667.2240427049283,Month-to-month,DSL,Mailed check,Yes,0,No
ID_12,11,59.69386185350545,5940.8012903757235,Two year,No,Mailed check,Yes,0,No
ID_13,58,21.584937232629425,4760.295511737225,Month-to-month,No,Mailed check,No,0,No
ID_14,34,110.74035673704637,4738.977383401847,Two year,Fiber optic,Mailed check,Yes,1,No
ID_15,42,31.57374350075967,1865.9275130964713,Month-to-month,DSL,Mailed check,Yes,1,No
ID_16,27,70.69675076977121,6915.1776913104995,Two year,Fiber optic,Bank transfer,Yes,0,No
ID_17,1,84.14535047935044,589.3634429186473,Two year,DSL,Credit card,No,1,No
ID_18,37,119.29295644186769,1595.1124573377458,Month-to-month,DSL,Electronic check,No,1,No
ID_19,66,85.9534024501637,6921.297382747668,Two year,Fiber optic,Mailed check,No,1,Yes
ID_20,43,59.28302901401277,1953.3431645377918,One year,Fiber optic,Bank transfer,No,0,Yes
ID_21,4,101.13972642888334,6470.225484155462,Month-to-month,Fiber optic,Bank transfer,No,1,Yes
ID_22,33,26.96599132105883,7267.203794313689,Two year,No,Mailed check,Yes,0,Yes
ID_23,7,81.54419524146334,655.6735417559103,Month-to-month,Fiber optic,Bank transfer,Yes,1,No
ID_24,4,84.0703366667991,4071.48445314643,One year,No,Bank transfer,Yes,0,Yes
ID_25,61,84.05373132467558,2022.1273975211934,Two year,Fiber optic,Mailed check,No,1,No
ID_26,71,85.88124774458596,4586.929430585692,Month-to-month,Fiber optic,Mailed check,No,1,No
ID_27,68,60.85077364819782,7847.506195512987,Month-to-month,Fiber optic,Bank transfer,Yes,1,Yes
ID_28,53,20.518825722481154,6784.992365321886,Month-to-month,DSL,Bank transfer,Yes,0,No
ID_29,36,112.25653332043679,6358.794156896522,One year,No,Mailed check,Yes,1,No
ID_30,32,118.05687312785221,5996.851820458197,One year,Fiber optic,Credit card,Yes,1,Yes
ID_31,7,70.59453196098178,1465.9184167208937,Two year,Fiber optic,Mailed check,Yes,1,No
ID_32,41,49.027340979837575,7533.823426629702,Month-to-month,Fiber optic,Bank transfer,Yes,0,No
ID_33,41,47.76287418373539,2295.9227190992615,Two year,Fiber optic,Bank transfer,No,1,No
ID_34,62,50.028793390230945,6089.249773876892,Month-to-month,No,Electronic check,No,0,Yes
ID_35,26,112.17074263169572,7875.051556358079,Two year,No,Mailed check,No,0,Yes
ID_36,26,59.71023680174262,7615.787419067729,One year,DSL,Credit card,Yes,1,No
ID_37,25,104.98461775233608,7704.907224909196,One year,Fiber optic,Mailed check,Yes,0,No
ID_38,13,110.24022135090216,2997.8277539361216,One year,No,Credit card,No,1,No
ID_39,71,65.36064881067236,2631.385320025197,Month-to-month,No,Bank transfer,No,1,No
ID_40,34,50.55390116070124,5450.733691640238,One year,Fiber optic,Credit card,No,0,No
ID_41,12,40.35523614112537,5552.868675394887,Two year,Fiber optic,Mailed check,No,0,No
ID_42,23,52.14963880038735,5603.217171068343,One year,DSL,Credit card,Yes,0,Yes
ID_43,69,76.63327270953938,7970.0261158113835,Two year,DSL,Bank transfer,No,1,Yes
ID_44,16,29.26954072380012,2104.377521738951,Two year,Fiber optic,Mailed check,Yes,0,No
ID_45,6,61.68517000395847,7587.132534890245,Month-to-month,No,Mailed check,Yes,0,No
ID_46,38,70.32953306442354,3696.8413695855775,Month-to-month,DSL,Electronic check,Yes,1,No
ID_47,31,102.26336832177445,873.8566347131593,Two year,DSL,Bank transfer,No,1,No
ID_48,3,62.50644939153958,2925.1419515549314,One year,No,Credit card,Yes,0,No
ID_49,69,82.99831657249543,1169.3710482561683,Month-to-month,No,Credit card,Yes,0,Yes
ID_50,39,115.90025352251105,7185.002780288194,Two year,DSL,Mailed check,No,0,Yes
ID_51,45,72.77329270603022,2239.42983083836,One year,No,Electronic check,Yes,0,Yes
ID_52,1,32.33349390514762,482.3825174602516,One year,Fiber optic,Credit card,Yes,1,No
ID_53,16,90.47136753513342,1599.0274727841454,Two year,DSL,Electronic check,No,0,No
ID_54,71,66.94432350068882,4159.333082869266,Month-to-month,DSL,Mailed check,Yes,1,No
ID_55,15,102.99917144985314,4196.753283539308,Month-to-month,No,Bank transfer,Yes,0,No
ID_56,28,39.36165265516969,1489.7663204131309,Two year,No,Credit card,No,1,Yes
ID_57,59,83.95699298257125,3028.262557620415,One year,DSL,Electronic check,No,0,No
ID_58,17,29.433706402579844,1848.4702402376845,Month-to-month,Fiber optic,Credit card,No,0,No
ID_59,66,60.875888094173575,250.61307164527148,Two year,Fiber optic,Bank transfer,Yes,1,No
ID_60,21,114.8678855417527,6094.783365303815,Two year,Fiber optic,Mailed check,No,0,Yes
ID_61,25,61.13142103033513,3632.1065420926006,One year,Fiber optic,Credit card,No,1,Yes
ID_62,60,113.49531235506046,4796.617814082948,One year,DSL,Electronic check,Yes,0,No
ID_63,68,74.88842201781554,7052.803955957136,Month-to-month,No,Credit card,Yes,1,No
ID_64,28,25.581442408718395,7088.309655933603,One year,Fiber optic,Mailed check,Yes,0,No
ID_65,57,108.81417390100741,6371.686864324135,Month-to-month,No,Electronic check,Yes,1,No
ID_66,16,24.668912888537424,5035.0835212593865,One year,Fiber optic,Mailed check,Yes,1,No
ID_67,20,26.71576532252719,5964.642994889931,Two year,No,Mailed check,Yes,0,No
ID_68,65,119.7464304283533,1952.5243935495173,Two year,No,Bank transfer,No,0,Yes
ID_69,54,54.906073647094956,5800.4584828419665,One year,No,Bank transfer,Yes,0,No
ID_70,18,80.78487435544136,1301.7112630986264,Month-to-month,No,Mailed check,Yes,0,Yes
ID_71,68,64.02488138246281,7778.62222584841,Two year,No,Bank transfer,Yes,1,No
ID_72,60,97.64146757294169,859.8491079952134,Month-to-month,No,Electronic check,Yes,1,No
ID_73,58,26.618617552322057,1638.45992800961,One year,Fiber optic,Electronic check,No,0,No
ID_74,52,90.64797162642438,7511.652143802299,One year,No,Electronic check,Yes,0,No
ID_75,63,42.11697421711749,3867.3837468485726,Two year,DSL,Credit card,No,1,Yes
ID_76,29,32.15617859460413,3885.8446561916335,Two year,No,Credit card,No,0,No
ID_77,5,31.805727945475887,7828.25942670084,Month-to-month,DSL,Electronic check,No,0,No
ID_78,41,52.029853966334976,7817.224666916519,Two year,DSL,Credit card,No,1,No
ID_79,18,53.01809321974213,344.1702493704188,One year,Fiber optic,Mailed check,No,0,Yes
ID_80,36,50.4546546938786,6360.398535630223,One year,Fiber optic,Mailed check,Yes,0,No
ID_81,25,44.49895091202576,2688.7525998136534,Month-to-month,DSL,Credit card,Yes,1,Yes
ID_82,17,62.5202644322601,3904.130031347504,Month-to-month,No,Mailed check,Yes,1,Yes
ID_83,40,28.225784557178173,3209.292825014004,Two year,Fiber optic,Credit card,Yes,1,No
ID_84,44,46.61607335902819,505.7620917387874,Month-to-month,DSL,Mailed check,No,0,Yes
ID_85,11,117.34762507290836,2244.3617248945557,One year,No,Mailed check,No,1,Yes
ID_86,36,76.8924279775581,7346.439249371762,Two year,DSL,Mailed check,No,1,Yes
ID_87,6,67.41359722516108,2994.2586898322847,Two year,Fiber optic,Credit card,Yes,0,Yes
ID_88,23,87.44713226764773,2096.315735497603,Month-to-month,No,Electronic check,Yes,0,Yes
ID_89,3,72.33945579618192,5334.412191424232,Two year,No,Mailed check,Yes,1,No
ID_90,42,87.77454350310408,5857.209102592759,Two year,Fiber optic,Credit card,No,1,No
ID_91,39,93.71805523334196,6223.667580291542,Two year,No,Credit card,No,1,No
ID_92,61,76.02327787301954,3863.022111643093,Two year,DSL,Electronic check,Yes,1,No
ID_93,23,97.1354486783313,5863.353442474901,Month-to-month,Fiber optic,Mailed check,No,0,No
ID_94,63,102.97685373131871,4922.789087967954,Month-to-month,No,Electronic check,No,0,No
ID_95,26,93.88706713935117,1260.50970613908,Month-to-month,Fiber optic,Mailed check,Yes,1,No
ID_96,26,70.15897126716284,6242.982672105256,Month-to-month,No,Bank transfer,No,0,Yes
ID_97,33,25.012094685084122,3748.657463053574,Two year,Fiber optic,Credit card,No,1,No
ID_98,3,34.92163615383916,3355.5059323315104,Two year,DSL,Credit card,Yes,1,Yes
ID_99,28,52.33505462723342,4975.6637515509965,One year,No,Bank transfer,No,0,No
ID_100,66,117.96632289259003,979.3801082684053,Two year,Fiber optic,Bank transfer,Yes,1,No
ID_101,2,117.12385889078296,4825.427378983235,Two year,No,Bank transfer,No,0,Yes
ID_102,4,77.39114121201135,2234.756849596171,Two year,Fiber optic,Electronic check,Yes,0,No
ID_103,21,39.93505517023271,6757.774168674271,One year,Fiber optic,Bank transfer,Yes,1,No
ID_104,6,62.49204090998311,4576.510086040618,One year,DSL,Electronic check,No,1,No
ID_105,63,22.90192207865759,5668.905640666277,One year,No,Electronic check,Yes,0,Yes
ID_106,44,77.09391894227161,2934.881323764111,One year,No,Credit card,No,0,No
ID_107,48,37.96263297264885,3846.346673920004,Month-to-month,Fiber optic,Bank transfer,Yes,1,Yes
ID_108,57,31.84665412298468,3620.1156074622772,Month-to-month,Fiber optic,Mailed check,Yes,0,No
ID_109,57,21.80706837021638,5070.993836179534,Month-to-month,No,Credit card,Yes,0,No
ID_110,18,96.73382757006222,347.19171344060726,Two year,Fiber optic,Mailed check,Yes,0,No
ID_111,41,22.442534714021537,5550.663096270828,Month-to-month,Fiber optic,Electronic check,Yes,1,No
ID_112,41,41.772458279064224,4946.35516414594,One year,DSL,Bank transfer,Yes,1,No
ID_113,7,37.64338287481597,3299.0141050635602,Two year,DSL,Credit card,No,0,No
ID_114,38,39.87915797886019,5283.549416133639,One year,DSL,Mailed check,No,0,No
ID_115,55,101.41719436626889,7683.6557923893915,Two year,Fiber optic,Bank transfer,Yes,0,No
ID_116,42,64.28363013945875,4897.047443407406,Two year,Fiber optic,Electronic check,Yes,1,Yes
ID_117,24,107.28414038290131,2954.513049894947,Two year,DSL,Credit card,No,0,No
ID_118,60,40.962433941696766,2660.0017730047584,Two year,DSL,Bank transfer,No,0,No
ID_119,28,24.48982067553927,5909.101858794042,Month-to-month,No,Electronic check,Yes,0,Yes
ID_120,32,47.140386322956914,3062.486340443396,Month-to-month,DSL,Mailed check,No,0,No
ID_121,22,108.07244498216009,2012.672794911835,Month-to-month,DSL,Credit card,Yes,1,No
ID_122,4,26.03702933835808,5122.68735378921,Two year,Fiber optic,Credit card,No,1,No
ID_123,29,56.989630491049674,4287.49095309227,Month-to-month,No,Mailed check,No,0,Yes
ID_124,2,35.62621787366554,1890.6783946439552,Month-to-month,Fiber optic,Electronic check,No,1,Yes
ID_125,8,115.92033749131402,4529.87020143429,Two year,Fiber optic,Credit card,Yes,0,No
ID_126,44,84.99838812524486,648.2547689226299,Month-to-month,DSL,Bank transfer,Yes,0,No
ID_127,50,82.35239546437256,6584.479660570684,One year,Fiber optic,Credit card,Yes,0,No
ID_128,65,111.46194888304946,219.61714028279118,One year,No,Credit card,No,0,No
ID_129,64,109.41776507565466,7414.409077612294,One year,No,Electronic check,Yes,0,No
ID_130,34,112.05326820376449,272.5759981245559,Two year,DSL,Mailed check,No,0,No
ID_131,13,31.861108373190042,4059.362014339022,One year,No,Electronic check,No,0,Yes
ID_132,60,58.700141664877904,1121.8785994367988,Month-to-month,Fiber optic,Mailed check,No,1,No
ID_133,59,20.452060426527602,5495.13587434537,Month-to-month,No,Bank transfer,Yes,0,Yes
ID_134,18,105.04279778123632,4174.603549661567,Month-to-month,DSL,Electronic check,Yes,1,No
ID_135,6,43.89232167493398,7787.052432717632,One year,Fiber optic,Credit card,No,1,No
ID_136,54,61.022106148483886,288.8963443950731,One year,No,Electronic check,No,0,No
ID_137,24,59.79635584204083,6035.656564271549,Month-to-month,No,Credit card,Yes,0,Yes
ID_138,3,23.986477211569937,3980.9198300893354,Month-to-month,Fiber optic,Mailed check,No,1,No
ID_139,49,66.65712472069951,5563.50400047548,One year,DSL,Bank transfer,No,0,Yes
ID_140,23,68.44516141602602,3745.302285813209,One year,No,Mailed check,Yes,0,Yes
ID_141,20,54.70266997742074,4376.527505689765,One year,Fiber optic,Electronic check,Yes,0,Yes
ID_142,3,25.064027268394845,133.4737938590719,Month-to-month,DSL,Credit card,No,0,No
ID_143,13,109.21059302396614,5458.572982665432,Two year,No,Credit card,Yes,0,No
ID_144,23,20.37801213552037,6613.156353225266,Two year,No,Credit card,Yes,1,No
ID_145,40,55.284028544626146,7959.832038135272,Two year,No,Mailed check,No,0,No
ID_146,16,102.33769024919819,975.7370680994629,Month-to-month,No,Bank transfer,No,1,No
ID_147,34,60.36354558550731,6183.334763873875,One year,No,Electronic check,No,0,No
ID_148,54,64.9568545798484,1748.756833525801,Month-to-month,DSL,Mailed check,No,1,Yes
ID_149,20,61.717913156258355,1224.4329052451637,Month-to-month,No,Electronic check,No,0,Yes
ID_150,26,99.87081630965255,1386.8842771607854,One year,Fiber optic,Credit card,Yes,0,Yes
ID_151,44,104.46526086280114,2814.8264665225324,One year,DSL,Electronic check,Yes,1,No
ID_152,9,41.61999505749958,1515.560693232745,One year,No,Bank transfer,Yes,0,No
ID_153,66,102.2837834033198,435.68516460405186,Two year,DSL,Electronic check,Yes,1,No
ID_154,39,80.21388588370131,3454.495127518378,Two year,DSL,Electronic check,No,1,No
ID_155,70,106.25946248052861,7409.4881277065515,Two year,DSL,Bank transfer,Yes,1,No
ID_156,63,71.70897432852024,1203.1337697802687,One year,No,Credit card,No,1,Yes
ID_157,1,38.78599665579068,3894.6226448428647,Two year,DSL,Bank transfer,No,0,Yes
ID_158,24,99.96793469285602,490.69806429146655,Month-to-month,DSL,Credit card,Yes,0,Yes
ID_159,21,91.7791962272981,3421.841933732056,One year,Fiber optic,Mailed check,Yes,0,No
ID_160,27,117.13387558317088,5971.2746528862,One year,DSL,Electronic check,No,0,No
ID_161,43,27.870852476302858,3844.1763110256716,Two year,No,Bank transfer,No,0,Yes
ID_162,46,78.08322179072773,796.9347548417607,Two year,DSL,Bank transfer,Yes,1,No
ID_163,41,107.42903463869037,901.7648573158884,One year,No,Electronic check,Yes,0,No
ID_164,61,84.21866208754962,4049.407749604706,Month-to-month,DSL,Electronic check,No,1,No
ID_165,13,119.34567878026765,1511.4187049402958,Month-to-month,Fiber optic,Mailed check,No,1,No
ID_166,2,76.47063265391358,6560.5595403218385,Month-to-month,Fiber optic,Mailed check,No,0,No
ID_167,3,88.35649541310282,2363.1922564150304,One year,No,Electronic check,Yes,0,Yes
ID_168,43,43.31012241461569,4432.103540705233,Two year,DSL,Credit card,No,0,No
ID_169,32,118.4287257412227,5458.736592718307,Month-to-month,DSL,Mailed check,No,0,Yes
ID_170,41,71.67746425045833,3476.4454349403813,One year,Fiber optic,Bank transfer,Yes,1,No
ID_171,69,47.33314593623696,6819.893564790696,Two year,DSL,Electronic check,Yes,1,No
ID_172,36,111.5829708467738,4258.053057258174,Month-to-month,Fiber optic,Bank transfer,No,0,No
ID_173,33,36.786755496766744,3337.079130902172,One year,Fiber optic,Electronic check,Yes,1,Yes
ID_174,45,80.18526964806809,6460.000801494114,One year,No,Electronic check,Yes,0,Yes
ID_175,48,76.40899629127088,2067.311060812598,Month-to-month,DSL,Credit card,No,1,No
ID_176,58,119.14245042423093,7104.239641538813,One year,No,Mailed check,No,0,No
ID_177,16,49.537329979050796,2484.080309472999,Two year,DSL,Mailed check,Yes,0,No
ID_178,12,29.497720104212824,2680.4432582615937,Two year,Fiber optic,Mailed check,No,0,No
ID_179,20,99.42213341270083,2446.088261747525,One year,No,Electronic check,Yes,0,No
ID_180,9,20.725752261871015,1754.5987434069955,Month-to-month,No,Bank transfer,No,1,No
ID_181,14,87.71133597526416,4238.098170732918,Month-to-month,No,Electronic check,No,0,No
ID_182,44,67.48164163102638,5191.5872078656885,One year,DSL,Electronic check,No,1,No
ID_183,48,49.868264378763556,6077.714039135336,One year,DSL,Mailed check,Yes,1,No
ID_184,33,111.71089867207336,3032.401044464443,Two year,DSL,Electronic check,Yes,1,Yes
ID_185,37,21.5380000741117,1496.4944675647973,Month-to-month,DSL,Credit card,Yes,1,Yes
ID_186,6,70.06439796665866,722.8413054704122,Two year,Fiber optic,Mailed check,No,1,No
ID_187,67,105.80642984863869,5075.556877929835,Month-to-month,DSL,Mailed check,Yes,1,Yes
ID_188,15,101.30683458932397,3775.821468346604,Month-to-month,No,Credit card,Yes,0,No
ID_189,21,20.757527891571087,2025.2743437918389,Month-to-month,Fiber optic,Mailed check,Yes,0,No
ID_190,22,52.04606495493246,1732.9502178831474,One year,DSL,Bank transfer,No,0,No
ID_191,12,91.06776613939094,2172.2580782752175,One year,Fiber optic,Credit card,No,0,No
ID_192,15,78.75892868574061,2998.954692650628,One year,Fiber optic,Credit card,No,0,No
ID_193,55,96.07620015561187,438.8692128478032,Two year,DSL,Bank transfer,No,1,No
ID_194,17,79.7668005010558,156.94733479040707,Two year,DSL,Credit card,No,1,No
ID_195,60,64.55675444859611,1977.4596607170497,Month-to-month,DSL,Bank transfer,No,1,No
ID_196,5,47.08141486329572,2130.7473767083666,One year,Fiber optic,Mailed check,Yes,0,No
ID_197,53,77.4732312927885,1100.9654169388168,One year,DSL,Mailed check,Yes,0,No
ID_198,7,38.824056210277696,5630.828225686078,Two year,DSL,Mailed check,Yes,1,No
ID_199,25,45.086998055848156,6981.399545010038,One year,Fiber optic,Mailed check,Yes,0,No
ID_200,29,30.294958947587972,5847.313327559136,One year,No,Mailed check,Yes,0,Yes
ID_201,12,50.55930479403214,3902.37272380997,Two year,No,Electronic check,Yes,0,No
ID_202,59,111.94697438437176,4773.495336067514,Two year,DSL,Electronic check,Yes,0,Yes
ID_203,36,109.25645810635288,4702.152988308174,Month-to-month,Fiber optic,Mailed check,No,0,Yes
ID_204,18,115.35550464259394,1815.1559265562573,One year,Fiber optic,Mailed check,No,0,No
ID_205,30,97.4793743958085,854.4143493517444,One year,DSL,Bank transfer,No,0,Yes
ID_206,42,89.03543925236228,2690.1042309399872,Month-to-month,Fiber optic,Credit card,Yes,0,No
ID_207,56,114.03248973451198,2945.82200253493,Month-to-month,DSL,Electronic check,No,0,No
ID_208,18,20.65401531522641,7177.094381999609,Month-to-month,Fiber optic,Electronic check,Yes,0,No
ID_209,70,83.64143636282371,2327.469573631512,One year,No,Credit card,Yes,0,No
ID_210,2,91.59427549036579,258.5674743952369,Month-to-month,No,Mailed check,No,0,Yes
ID_211,16,29.430122018098952,2183.9565939066483,One year,Fiber optic,Mailed check,No,0,Yes
ID_212,9,113.07876247297607,6682.209012005352,Month-to-month,Fiber optic,Credit card,No,0,No
ID_213,35,67.00604979261726,7392.342854969634,Two year,Fiber optic,Mailed check,No,0,No
ID_214,16,81.7663004852156,3614.318176416222,Two year,DSL,Bank transfer,Yes,1,No
ID_215,31,53.993473412232056,3119.1495093453677,Two year,DSL,Electronic check,No,1,Yes
ID_216,30,52.735304714301236,382.2542114262189,Month-to-month,Fiber optic,Electronic check,Yes,0,No
ID_217,3,76.2718418053496,4814.583257482989,One year,No,Electronic check,No,1,No
ID_218,3,96.75428917025016,6275.487538356484,Two year,Fiber optic,Bank transfer,No,1,No
ID_219,5,84.93461959825993,1903.6481498571118,Month-to-month,No,Bank transfer,Yes,0,Yes
ID_220,19,117.4641521814221,279.1201363799552,One year,Fiber optic,Mailed check,No,1,No
ID_221,54,33.257332506759965,3734.387046111852,Month-to-month,DSL,Electronic check,Yes,0,Yes
ID_222,44,68.26831338086323,2590.0482606250107,Month-to-month,No,Electronic check,Yes,1,Yes
ID_223,12,25.509883457309773,2005.059973917377,Two year,No,Credit card,No,1,No
ID_224,41,37.99501592212549,962.8708485388084,Two year,DSL,Electronic check,Yes,1,No
ID_225,9,107.23529688223553,3247.5013438252877,Two year,Fiber optic,Electronic check,Yes,0,No
ID_226,60,26.26786442790189,7270.396031018513,Month-to-month,DSL,Credit card,No,1,Yes
ID_227,19,84.22088582196453,1824.7889733699312,Two year,DSL,Electronic check,Yes,1,No
ID_228,30,84.13281326032985,6648.064455667564,One year,DSL,Electronic check,No,1,Yes
ID_229,67,106.50379829173072,7777.656391027794,Two year,DSL,Credit card,No,0,No
ID_230,29,20.880135578286833,2414.8998203482365,Month-to-month,Fiber optic,Mailed check,No,0,Yes
ID_231,43,66.48990491887908,1645.5961046494015,Two year,Fiber optic,Credit card,No,1,No
ID_232,22,48.719914115291914,6610.968454377222,Two year,DSL,Mailed check,Yes,0,No
ID_233,64,73.70708688871912,3840.195933991365,One year,Fiber optic,Bank transfer,Yes,1,No
ID_234,48,87.88936726535587,1077.8109301447469,One year,DSL,Electronic check,No,1,No
ID_235,6,43.316515264059134,283.81187782223003,Month-to-month,DSL,Mailed check,No,1,Yes
ID_236,31,104.38633407265009,2078.500502665366,Two year,No,Mailed check,Yes,1,Yes
ID_237,30,61.12721688007495,832.5440870857125,One year,No,Electronic check,Yes,0,No
ID_238,63,84.89851705636495,1827.4476823580299,Month-to-month,Fiber optic,Credit card,No,0,Yes
ID_239,61,27.996080120395355,289.68623406896444,Month-to-month,Fiber optic,Credit card,No,0,Yes
ID_240,54,57.95576740537862,7520.293641247525,One year,No,Bank transfer,No,1,Yes
ID_241,13,69.71909793541685,3295.0567223745757,Two year,DSL,Bank transfer,No,1,No
ID_242,55,77.89171668426424,2609.44410249487,One year,DSL,Electronic check,Yes,0,No
ID_243,17,91.65170030012457,7671.29660904651,Two year,Fiber optic,Credit card,Yes,0,No
ID_244,16,117.74727965905583,1126.9716408914321,One year,Fiber optic,Electronic check,No,1,No
ID_245,26,107.21215926670573,3834.9264783508406,Two year,DSL,Mailed check,Yes,1,No
ID_246,59,111.07540938567776,872.8211734523595,Month-to-month,Fiber optic,Electronic check,Yes,1,No
ID_247,15,113.63426183886942,5352.235739039185,Two year,DSL,Electronic check,Yes,1,No
ID_248,68,84.8982151361869,3170.215966058328,Two year,DSL,Electronic check,No,0,Yes
ID_249,14,59.348121299861724,1362.0444428862334,Two year,DSL,Bank transfer,Yes,0,No
ID_250,22,112.25693228532099,1109.2419626051721,Two year,Fiber optic,Electronic check,Yes,1,No
ID_251,31,108.04180979958929,4795.8202367627155,One year,Fiber optic,Electronic check,Yes,0,No
ID_252,56,34.06031052158404,1970.0216479089445,Two year,DSL,Mailed check,Yes,1,No
ID_253,47,67.02284275721624,2866.7457701193803,Month-to-month,No,Bank transfer,Yes,0,No
ID_254,17,70.36358947845666,2206.9720080747547,One year,DSL,Bank transfer,Yes,1,Yes
ID_255,15,56.52125791652542,7109.252457967217,Month-to-month,Fiber optic,Credit card,Yes,0,Yes
ID_256,49,105.35860734466884,6774.782040456142,Two year,DSL,Bank transfer,Yes,0,No
ID_257,25,22.035540591799933,2769.334504038845,Month-to-month,DSL,Mailed check,No,1,No
ID_258,63,104.57152160271768,4640.761790494763,Two year,Fiber optic,Electronic check,Yes,0,No
ID_259,63,70.53407628214907,7352.706206979743,Two year,DSL,Electronic check,No,0,Yes
ID_260,42,101.01642134833905,7452.496222401531,Two year,No,Electronic check,Yes,0,No
ID_261,35,32.797613639008645,3150.27592122613,Month-to-month,DSL,Credit card,Yes,0,No
ID_262,28,102.23005403135446,4760.982468895762,Two year,DSL,Bank transfer,Yes,1,No
ID_263,34,21.73258111786122,3825.794609225774,One year,Fiber optic,Mailed check,Yes,0,No
ID_264,50,113.22502063873202,7286.805511216811,Month-to-month,DSL,Credit card,Yes,0,No
ID_265,26,88.63365479318196,7808.8973991199,One year,DSL,Bank transfer,No,1,No
ID_266,43,104.54985549878334,3603.1744628288993,One year,DSL,Credit card,No,1,No
ID_267,1,74.81696547949315,1013.4670184495934,Month-to-month,Fiber optic,Electronic check,Yes,1,Yes
ID_268,5,103.43217444370559,4320.34797970488,Two year,No,Credit card,Yes,1,No
ID_269,54,66.02750367199204,3813.492839800826,Month-to-month,DSL,Mailed check,Yes,1,No
ID_270,8,95.78098705380859,4221.629918385706,One year,No,Bank transfer,No,0,Yes
ID_271,56,55.93310326775646,4881.846607045196,Month-to-month,DSL,Mailed check,Yes,1,No
ID_272,43,100.1088682318015,5795.634265061335,One year,DSL,Bank transfer,No,1,No
ID_273,35,77.80112743726075,4611.491263483851,Month-to-month,Fiber optic,Credit card,No,0,Yes
ID_274,1,34.22004271882578,7871.0356985241215,Two year,No,Mailed check,Yes,1,No
ID_275,30,90.97042866283412,3045.004902144424,One year,DSL,Bank transfer,Yes,1,No
ID_276,36,59.13460156511109,3904.880485998108,Month-to-month,DSL,Mailed check,Yes,0,No
ID_277,68,63.43450118257992,7526.217182990769,Month-to-month,No,Credit card,Yes,1,Yes
ID_278,24,109.49769621323775,193.34854058149813,Month-to-month,Fiber optic,Electronic check,Yes,0,Yes
ID_279,5,101.75575038376769,2661.2141069089034,Month-to-month,DSL,Electronic check,No,1,Yes
ID_280,37,23.975138530352098,2938.465859454459,Two year,No,Credit card,No,1,Yes
ID_281,47,20.935862660289455,5957.231116228045,Two year,No,Bank transfer,No,1,No
ID_282,26,116.97735713326261,7875.135169729798,One year,No,Mailed check,Yes,1,No
ID_283,61,57.04608888766868,2822.382768963266,Two year,DSL,Electronic check,No,0,No
ID_284,6,49.86209325413037,6706.831284387319,Two year,No,Electronic check,Yes,0,No
ID_285,23,34.28436157177132,3208.565492729578,One year,Fiber optic,Electronic check,No,0,No
ID_286,52,28.38379821805021,2189.652372414591,Two year,No,Bank transfer,No,1,No
ID_287,49,32.11014593506059,124.68490244506098,Month-to-month,Fiber optic,Electronic check,Yes,1,Yes
ID_288,57,67.94627311956202,4323.153099794845,Two year,No,Electronic check,Yes,0,Yes
ID_289,62,60.26224829697706,1020.8360709444202,One year,Fiber optic,Credit card,Yes,1,Yes
ID_290,67,105.38300502881451,5550.562863201588,Month-to-month,DSL,Bank transfer,No,1,No
ID_291,24,91.5422099215801,343.20062750527757,Two year,No,Bank transfer,Yes,0,No
ID_292,51,119.74071965008139,3463.5582554625516,Month-to-month,Fiber optic,Electronic check,Yes,0,No
ID_293,36,51.34737415201365,4800.596656667579,Two year,DSL,Bank transfer,Yes,0,Yes
ID_294,42,62.74381707693667,7721.44436413987,One year,No,Bank transfer,No,0,No
ID_295,64,27.35810013521816,1806.166864986162,Month-to-month,No,Mailed check,Yes,0,No
ID_296,14,77.00844082561267,5896.677498359103,One year,No,Bank transfer,No,1,No
ID_297,14,78.96843332462527,2137.9732990216276,One year,Fiber optic,Bank transfer,No,1,Yes
ID_298,59,101.6689397765204,6561.302337079662,One year,Fiber optic,Mailed check,No,0,No
ID_299,17,41.437999497158835,6598.697025986158,One year,Fiber optic,Bank transfer,No,1,No
ID_300,33,24.291471940216507,2406.357595432126,Month-to-month,Fiber optic,Electronic check,No,1,Yes
ID_301,45,84.3426120005446,5333.512391618988,Two year,No,Credit card,Yes,0,No
ID_302,2,90.12932151707705,2970.9430063061473,Two year,No,Bank transfer,No,1,No
ID_303,8,80.45289163569058,4360.752513956739,Month-to-month,DSL,Credit card,Yes,0,No
ID_304,11,31.965214113783308,3283.842792893596,One year,No,Electronic check,Yes,0,No
ID_305,64,49.21497811209744,2793.562220184066,Two year,No,Mailed check,Yes,1,Yes
ID_306,33,24.3087376624252,3695.814871907295,One year,Fiber optic,Mailed check,Yes,0,No
ID_307,55,64.20734084413147,4733.969470197753,Two year,DSL,Bank transfer,Yes,1,No
ID_308,9,109.16971215871818,6988.219524739789,One year,No,Mailed check,No,0,No
ID_309,68,72.34842610693696,5664.257264529036,Two year,DSL,Electronic check,Yes,0,No
ID_310,60,94.60818374439846,7520.681675356356,Month-to-month,Fiber optic,Credit card,No,1,Yes
ID_311,44,22.478509546730802,2366.9014786399775,Month-to-month,No,Bank transfer,Yes,0,No
ID_312,45,107.94758632032512,4098.7955207999,One year,DSL,Mailed check,Yes,1,No
ID_313,2,116.44730762307017,1944.68251214613,Month-to-month,No,Electronic check,Yes,0,No
ID_314,13,117.91193202280677,5065.1648794614775,Two year,Fiber optic,Bank transfer,Yes,0,Yes
ID_315,11,77.48261774732792,411.81506189311057,One year,No,Electronic check,Yes,1,Yes
ID_316,56,104.51007181709036,1629.0623112116257,Two year,Fiber optic,Credit card,No,0,Yes
ID_317,52,56.4834978996074,3472.3813205628203,Month-to-month,DSL,Bank transfer,Yes,1,No
ID_318,65,87.33065358178195,5588.483171021501,One year,DSL,Mailed check,Yes,0,No
ID_319,20,32.47543470487974,930.6560435755028,Month-to-month,DSL,Mailed check,Yes,1,Yes
ID_320,67,70.73903701594658,2283.8065801308708,Month-to-month,Fiber optic,Mailed check,Yes,0,No
ID_321,15,105.34644499153585,7392.112649396367,Month-to-month,No,Credit card,No,1,No
ID_322,44,119.38390398286207,4165.345460398601,Month-to-month,Fiber optic,Bank transfer,Yes,0,No
ID_323,23,22.04101178321199,5905.602296810256,Month-to-month,Fiber optic,Bank transfer,Yes,0,Yes
ID_324,19,47.764278106200905,6314.7211451994035,One year,No,Credit card,Yes,0,No
ID_325,54,48.96469958282877,727.1075282928846,One year,DSL,Bank transfer,Yes,1,No
ID_326,42,118.32365214707288,1716.0123067085494,One year,Fiber optic,Bank transfer,No,1,No
ID_327,8,20.81524279398727,7057.5174451119765,Two year,DSL,Mailed check,No,0,No
ID_328,68,31.12872360044641,1676.7695206685905,Two year,Fiber optic,Credit card,Yes,0,No
ID_329,23,79.08593824617861,7111.0911850845905,One year,No,Bank transfer,Yes,0,No
ID_330,40,68.14766462533139,6674.3401832794,One year,No,Bank transfer,Yes,1,No
ID_331,35,96.6744517004971,4110.391709786469,Month-to-month,Fiber optic,Electronic check,No,0,No
ID_332,29,56.64071868681342,7248.427494830866,Two year,Fiber optic,Credit card,No,1,No
ID_333,8,22.46423244588866,185.68240160696146,One year,DSL,Bank transfer,Yes,0,No
ID_334,59,115.6781909775827,5403.670435264621,Two year,Fiber optic,Mailed check,Yes,0,Yes
ID_335,47,39.425491363416036,1342.74645027889,Two year,Fiber optic,Credit card,Yes,0,No
ID_336,9,62.33594971725543,5832.486109150534,One year,No,Bank transfer,Yes,0,No
ID_337,20,67.57718906098943,1131.5841330289725,Two year,Fiber optic,Bank transfer,Yes,1,Yes
ID_338,66,110.3930638722582,1994.6435645159115,One year,No,Bank transfer,No,0,No
ID_339,45,68.24532838933189,3481.277154498168,Two year,DSL,Mailed check,No,0,No
ID_340,9,29.964105150269575,2289.860706313892,Month-to-month,No,Credit card,Yes,1,Yes
ID_341,19,65.63842349651681,2307.1503189464925,Two year,No,Bank transfer,Yes,0,Yes
ID_342,69,68.41101734631664,7794.124646388937,One year,Fiber optic,Bank transfer,No,1,No
ID_343,29,100.9006180641521,498.0858749531491,Two year,No,Mailed check,No,1,No
ID_344,36,27.56972006668021,3023.0488796367686,One year,No,Credit card,Yes,1,No
ID_345,19,28.76840101162731,6249.9056096172735,One year,DSL,Credit card,No,0,Yes
ID_346,46,54.857418148817096,7624.252826192025,Two year,No,Electronic check,No,0,No
ID_347,14,31.63363349595827,4947.847401617726,One year,No,Mailed check,No,0,Yes
ID_348,20,56.35422590289637,6658.092105930436,Month-to-month,DSL,Mailed check,Yes,1,No
ID_349,54,84.5684571469043,6431.755543223748,Month-to-month,DSL,Electronic check,No,0,Yes
ID_350,30,50.21093015383101,6175.837834044707,Two year,No,Mailed check,No,0,Yes
ID_351,46,29.847177657844675,5605.70407879773,One year,No,Electronic check,No,1,No
ID_352,60,66.5533760828144,536.4763405761823,One year,No,Bank transfer,Yes,1,No
ID_353,7,79.9893763474321,4117.417332357927,One year,No,Credit card,No,0,Yes
ID_354,3,82.29846093181823,2935.800397928465,Month-to-month,DSL,Credit card,No,0,Yes
ID_355,12,83.75040773083603,3849.51695050783,Month-to-month,DSL,Mailed check,No,1,Yes
ID_356,69,38.86400013445082,2261.767117404483,Two year,No,Mailed check,No,1,Yes
ID_357,54,25.14321498398754,6468.907544337764,Month-to-month,DSL,Bank transfer,Yes,1,No
ID_358,26,66.93054188355447,551.8432853324381,Month-to-month,DSL,Credit card,Yes,0,Yes
ID_359,21,34.01994510345074,4093.427434888861,Month-to-month,DSL,Electronic check,Yes,1,No
ID_360,63,56.12024030615907,5882.691002020072,Two year,DSL,Electronic check,Yes,1,No
ID_361,46,100.86338742465897,4194.145713104473,Month-to-month,DSL,Mailed check,No,1,No
ID_362,44,107.11453545109758,7233.127295304689,One year,DSL,Credit card,Yes,1,No
ID_363,38,99.21819172434584,4340.535894833667,Two year,Fiber optic,Mailed check,Yes,1,No
ID_364,70,39.36951072245955,2914.0816032060848,Two year,Fiber optic,Credit card,Yes,1,Yes
ID_365,62,44.535814165167146,3532.5357252541107,One year,Fiber optic,Bank transfer,No,0,No
ID_366,18,37.951540240217646,5686.937239764621,One year,DSL,Electronic check,Yes,0,Yes
ID_367,35,62.3808492300597,6188.2676400656665,Two year,No,Credit card,No,1,No
ID_368,27,38.837671490748335,7863.09529472857,Two year,No,Credit card,No,0,No
ID_369,24,88.48154149954641,206.90004920437784,One year,DSL,Mailed check,No,0,No
ID_370,61,113.4027843751636,4108.336573453997,Month-to-month,Fiber optic,Electronic check,No,0,No
ID_371,24,62.09934628807396,38.24205682398112,One year,No,Credit card,Yes,1,No
ID_372,15,95.95745817030473,1971.3507731328705,One year,DSL,Mailed check,No,0,Yes
ID_373,1,85.85278637083725,7683.848213782967,One year,No,Credit card,Yes,1,No
ID_374,51,22.19115215429332,250.40012164500135,Month-to-month,No,Credit card,Yes,0,No
ID_375,3,62.6091551507613,5965.490782533017,Month-to-month,No,Bank transfer,No,0,No
ID_376,28,79.20731269021955,60.066892940175705,One year,DSL,Electronic check,No,1,Yes
ID_377,6,63.543993329495514,961.9428509072751,Month-to-month,Fiber optic,Credit card,No,0,No
ID_378,41,61.140678086824856,1831.130630782125,One year,No,Credit card,Yes,0,No
ID_379,26,54.44762272856852,2033.8284152028502,One year,Fiber optic,Electronic check,No,0,No
ID_380,10,24.255220228372913,3123.8242332252153,Month-to-month,DSL,Bank transfer,No,1,No
ID_381,65,110.70863656656061,5770.619358587303,Two year,DSL,Mailed check,No,0,No
ID_382,40,85.4565320003949,6835.374826069462,Two year,No,Mailed check,Yes,1,No
ID_383,4,22.206859652142,3101.6353390789777,One year,DSL,Mailed check,Yes,1,No
ID_384,63,26.298342917892718,3329.494328235288,Month-to-month,DSL,Credit card,No,1,Yes
ID_385,39,33.25317201101882,2649.652182717181,Month-to-month,Fiber optic,Bank transfer,Yes,1,Yes
ID_386,17,96.01051021812275,7776.03284341491,Month-to-month,No,Credit card,Yes,1,No
ID_387,6,38.93595555213882,3406.0421824873497,Month-to-month,No,Credit card,No,1,Yes
ID_388,34,62.47342350011928,1364.2975316896361,Two year,Fiber optic,Bank transfer,Yes,0,No
ID_389,4,87.36102054109455,7175.287823382495,One year,Fiber optic,Electronic check,No,0,Yes
ID_390,50,83.14698007741067,2077.1524747995536,One year,DSL,Credit card,Yes,0,No
ID_391,28,113.31133014932516,6994.610281047429,Month-to-month,No,Credit card,Yes,0,No
ID_392,67,85.12832135600028,3962.263339764057,One year,Fiber optic,Credit card,Yes,1,No
ID_393,3,43.8592599559717,7095.52367479687,Month-to-month,No,Mailed check,Yes,0,No
ID_394,4,35.654714237839585,3097.41342084026,Month-to-month,DSL,Credit card,Yes,0,No
ID_395,50,94.68206322157388,337.62852591443203,Two year,DSL,Credit card,No,0,No
ID_396,49,113.82848516088266,689.4211178173801,Two year,DSL,Credit card,No,1,No
ID_397,3,117.00228679226551,927.6800852233368,Month-to-month,Fiber optic,Mailed check,No,1,Yes
ID_398,63,103.43159170662685,7681.467678688052,Two year,No,Bank transfer,Yes,1,No
ID_399,58,78.56686739335242,5507.055073278451,Two year,Fiber optic,Credit card,Yes,1,No
ID_400,69,49.28683658632029,519.4954058594708,Month-to-month,No,Electronic check,Yes,0,Yes
ID_401,44,56.31195255861102,4595.8843794773275,One year,DSL,Mailed check,Yes,1,No
ID_402,39,45.176837534563276,1156.8132344932676,Two year,Fiber optic,Electronic check,Yes,0,No
ID_403,69,100.44487717218458,6221.128877792636,One year,Fiber optic,Mailed check,No,0,No
ID_404,36,65.76565147984863,6492.923485406051,Two year,Fiber optic,Credit card,Yes,1,No
ID_405,9,54.28754740739151,2229.3590273780333,Month-to-month,Fiber optic,Mailed check,No,0,No
ID_406,26,23.25099212551724,5562.895408845681,Month-to-month,DSL,Bank transfer,Yes,0,Yes
ID_407,26,21.458901251241894,5052.806995320883,Two year,No,Credit card,Yes,0,No
ID_408,68,119.10943215357393,7930.496968522131,Two year,DSL,Credit card,Yes,1,No
ID_409,37,26.909206564951432,5604.705853541453,One year,No,Bank transfer,No,1,No
ID_410,46,81.74989491728954,4481.514964607003,Two year,DSL,Bank transfer,Yes,0,No
ID_411,13,27.002912197545818,1050.7377394611144,Two year,Fiber optic,Electronic check,No,1,No
ID_412,29,118.28234851092232,2769.6838523040647,One year,No,Electronic check,Yes,1,Yes
ID_413,36,115.07443936744082,6776.419529061049,Month-to-month,No,Bank transfer,No,0,No
ID_414,66,28.70956128465661,4814.736614113182,One year,DSL,Mailed check,No,0,Yes
ID_415,38,108.17713066093683,7139.034809300801,Month-to-month,DSL,Electronic check,No,1,No
ID_416,68,43.71920900711023,1996.3301017896583,Month-to-month,Fiber optic,Bank transfer,No,0,Yes
ID_417,50,58.77483293354299,7964.813527920864,One year,Fiber optic,Electronic check,No,1,No
ID_418,17,113.6984570332407,3221.873685787879,Two year,No,Credit card,No,0,Yes
ID_419,65,80.64415792514406,5837.104175335799,One year,Fiber optic,Mailed check,No,0,Yes
ID_420,67,32.657655944424086,1155.5359583354484,One year,No,Mailed check,Yes,0,No
ID_421,71,86.61222255740584,4493.252409807673,Two year,Fiber optic,Bank transfer,No,1,No
ID_422,32,34.52750509029579,7796.5172128805525,Two year,No,Bank transfer,No,0,No
ID_423,22,54.90539862176496,7852.4146786526935,Two year,No,Mailed check,Yes,0,No
ID_424,33,68.28251683472516,3990.2194396867167,One year,DSL,Bank transfer,No,0,Yes
ID_425,42,56.8581370762375,754.8989083895877,One year,Fiber optic,Electronic check,No,1,No
ID_426,47,20.1908585909575,2184.4817387385315,One year,No,Credit card,No,0,No
ID_427,10,96.65155745620015,6019.972473267996,Month-to-month,No,Credit card,Yes,0,No
ID_428,40,78.26443638287819,2683.5759052523254,One year,Fiber optic,Electronic check,Yes,0,No
ID_429,37,63.78295963337043,2208.6030378293835,One year,No,Mailed check,Yes,1,No
ID_430,19,103.35852573821688,7480.153726510279,One year,DSL,Electronic check,Yes,0,No
ID_431,57,87.98775709918891,4240.836421484295,One year,No,Bank transfer,Yes,0,Yes
ID_432,45,100.00068888727283,3430.324126891202,Two year,No,Credit card,Yes,1,Yes
ID_433,64,99.07243381100348,2717.304345180526,One year,DSL,Bank transfer,Yes,0,Yes
ID_434,34,25.023510547150103,7742.6535474546845,One year,DSL,Electronic check,Yes,0,No
ID_435,27,84.87625692346376,6834.404457977543,Month-to-month,DSL,Bank transfer,Yes,1,No
ID_436,12,90.54840217874546,7280.098845350338,Month-to-month,DSL,Mailed check,No,1,Yes
ID_437,30,99.34518463288424,5561.375709126132,One year,DSL,Credit card,No,1,No
ID_438,41,111.80669458535709,565.0682667715542,Month-to-month,Fiber optic,Credit card,No,0,Yes
ID_439,3,41.946784657063134,5955.0410261996385,Month-to-month,DSL,Mailed check,Yes,0,Yes
ID_440,49,49.88222565025872,6247.935181743696,One year,Fiber optic,Mailed check,No,0,Yes
ID_441,58,41.4500633628277,7749.877471762427,Month-to-month,Fiber optic,Electronic check,Yes,1,No
ID_442,68,94.80998612005327,729.0480595350857,Month-to-month,Fiber optic,Bank transfer,Yes,1,Yes
ID_443,18,43.82789319187067,3377.6040693241935,Two year,DSL,Bank transfer,Yes,0,No
ID_444,18,36.8122170698078,831.2316039292217,One year,No,Bank transfer,No,0,No
ID_445,68,85.16298110324912,7158.475698980529,Month-to-month,No,Electronic check,Yes,1,No
ID_446,59,41.95886710690343,7043.058364576269,Month-to-month,Fiber optic,Bank transfer,No,0,No
ID_447,61,50.39512453808683,2695.5588013906286,Month-to-month,Fiber optic,Mailed check,Yes,0,No
ID_448,57,102.96628944901539,7069.02487411467,Month-to-month,No,Bank transfer,Yes,0,Yes
ID_449,17,111.00336469001235,1049.306907135305,Month-to-month,No,Electronic check,Yes,0,No
ID_450,15,96.65645234577443,7005.716878803651,Month-to-month,No,Credit card,Yes,0,No
ID_451,32,67.66999599654986,1975.2646202966775,One year,DSL,Electronic check,Yes,0,No
ID_452,14,110.86626074621607,1216.9724834407004,Month-to-month,Fiber optic,Electronic check,Yes,0,Yes
ID_453,53,75.50280502065795,6765.007294749923,One year,Fiber optic,Electronic check,No,1,Yes
ID_454,61,97.83346140018953,2028.7420262690448,One year,Fiber optic,Mailed check,No,1,Yes
ID_455,59,81.12202785768875,3863.0976082481307,Two year,No,Bank transfer,No,0,No
ID_456,34,61.01055144878109,953.1895834185284,One year,Fiber optic,Credit card,Yes,0,No
ID_457,16,89.87124691451915,6865.219116325081,Month-to-month,Fiber optic,Bank transfer,No,0,No
ID_458,21,70.13429477287653,6991.8992512554205,Month-to-month,Fiber optic,Bank transfer,Yes,0,No
ID_459,52,32.30608742919719,162.14333902862472,Month-to-month,No,Bank transfer,Yes,1,Yes
ID_460,36,79.6167583290352,5329.6659336814,Two year,No,Credit card,Yes,0,Yes
ID_461,63,75.93419438364478,5499.225896892947,Month-to-month,No,Credit card,Yes,0,No
ID_462,7,25.617261385051698,1510.2343005110295,Two year,Fiber optic,Mailed check,No,1,No
ID_463,46,44.450570751426916,4541.647081936978,One year,DSL,Credit card,No,1,No
ID_464,20,92.6000654952682,1878.1535349383678,One year,Fiber optic,Credit card,Yes,1,No
ID_465,7,31.650368744453832,1274.79376538457,Month-to-month,No,Credit card,Yes,0,Yes
ID_466,52,61.366220266063316,5315.245007846821,One year,Fiber optic,Electronic check,No,0,No
ID_467,3,86.19701382485695,4355.266652383527,One year,DSL,Bank transfer,No,1,No
ID_468,46,104.61111161742716,239.7045075329202,Two year,No,Mailed check,No,0,No
ID_469,7,36.71168651516477,6202.415573941289,Two year,DSL,Electronic check,No,0,Yes
ID_470,30,89.53829984060351,4996.514642887765,Two year,DSL,Bank transfer,Yes,0,No
ID_471,14,110.28634539239796,6418.623093592829,One year,No,Bank transfer,Yes,0,No
ID_472,3,111.0789674229358,5351.489276372698,Month-to-month,Fiber optic,Mailed check,No,0,No
ID_473,61,86.49115742777002,2426.459773256292,Two year,Fiber optic,Credit card,Yes,0,Yes
ID_474,17,118.64505481226425,466.75641763781255,Two year,DSL,Credit card,No,0,No
ID_475,60,72.71176868276885,4738.5286082949115,Month-to-month,Fiber optic,Electronic check,No,1,Yes
ID_476,62,43.043608336219556,2210.435122167315,One year,Fiber optic,Electronic check,Yes,0,Yes
ID_477,9,97.17783671942313,2098.435948985811,One year,No,Bank transfer,No,0,Yes
ID_478,22,112.3589379662569,4472.193811683831,Month-to-month,DSL,Bank transfer,Yes,0,No
ID_479,41,67.78227369783352,3720.941119355298,One year,No,Credit card,Yes,0,Yes
ID_480,56,97.93706217077263,119.31702166140201,Two year,No,Electronic check,Yes,1,Yes
ID_481,63,110.78517250229436,6369.893908991764,Month-to-month,No,Mailed check,No,1,No
ID_482,2,41.686890292936965,868.8419353550967,Two year,DSL,Electronic check,No,1,No
ID_483,14,95.38879244921478,7619.285960206515,Two year,Fiber optic,Bank transfer,Yes,1,Yes
ID_484,68,95.4410148280426,7695.604857480604,One year,Fiber optic,Bank transfer,Yes,1,No
ID_485,14,102.32989330049078,1630.9282054286762,One year,DSL,Electronic check,Yes,1,No
ID_486,9,75.70574434605001,6116.46019567311,Month-to-month,DSL,Credit card,No,0,No
ID_487,13,41.32158444470819,807.6491109187385,Two year,Fiber optic,Credit card,No,0,No
ID_488,30,33.37965644479344,2710.5826035102177,Month-to-month,Fiber optic,Credit card,Yes,1,Yes
ID_489,27,116.29147074715164,4338.3930266033285,Two year,DSL,Credit card,No,0,Yes
ID_490,17,70.47048541675716,5645.327575426314,Month-to-month,DSL,Mailed check,No,0,No
ID_491,23,75.62094848225249,7897.23546811777,One year,DSL,Mailed check,Yes,1,No
ID_492,44,60.75806565397006,5011.541562469711,One year,DSL,Bank transfer,Yes,1,Yes
ID_493,43,28.231466414098943,5095.053185363409,One year,Fiber optic,Credit card,No,1,Yes
ID_494,52,48.96846718219884,2925.459958833834,Month-to-month,DSL,Bank transfer,No,1,Yes
ID_495,4,106.23529253121515,4212.313826325068,One year,Fiber optic,Credit card,No,1,No
ID_496,58,82.79518519365912,6584.647968601089,One year,No,Bank transfer,No,0,Yes
ID_497,7,78.24110215924819,3945.6540984107614,One year,DSL,Mailed check,No,1,Yes
ID_498,65,60.3231122313141,710.6223551042315,Month-to-month,DSL,Electronic check,No,1,No
ID_499,49,72.76744180767845,250.3352196298755,Two year,Fiber optic,Electronic check,No,0,Yes
ID_500,24,54.775046292067515,1075.5197424872977,One year,No,Credit card,Yes,0,No
ID_501,11,28.867626202469925,5764.945120550356,Two year,DSL,Credit card,Yes,1,No
ID_502,46,65.88054720374545,4133.594341910698,Two year,No,Electronic check,Yes,1,Yes
ID_503,66,88.84861633291456,3806.902040641443,Month-to-month,DSL,Credit card,No,1,No
ID_504,26,110.92690152973563,1047.5554040163534,One year,No,Credit card,Yes,1,No
ID_505,26,21.46088385380938,4125.858553752755,Two year,DSL,Credit card,Yes,1,No
ID_506,35,107.34381851211529,88.13452254713553,Two year,Fiber optic,Mailed check,Yes,1,No
ID_507,36,32.587614093018914,3492.527296254964,Two year,DSL,Electronic check,Yes,0,Yes
ID_508,35,87.1409980769166,7530.703272364571,One year,Fiber optic,Electronic check,Yes,0,Yes
ID_509,43,65.21919151715178,4996.565900438494,One year,DSL,Credit card,Yes,0,Yes
ID_510,9,98.00596867420275,1743.6407082787039,Month-to-month,DSL,Bank transfer,Yes,1,No
ID_511,17,91.4760749840109,1923.7450983420752,Month-to-month,No,Credit card,No,0,No
ID_512,65,100.02934364260102,4910.191202436768,Month-to-month,No,Credit card,Yes,1,No
ID_513,3,73.43688570406323,5087.369124237859,One year,DSL,Credit card,Yes,0,No
ID_514,35,78.22515241435786,3737.594872863541,Two year,Fiber optic,Bank transfer,No,0,No
ID_515,50,38.56182420991096,4532.001053838052,One year,DSL,Electronic check,No,1,No
ID_516,17,26.704292934422075,6894.031421986205,One year,Fiber optic,Bank transfer,Yes,0,No
ID_517,43,119.35023208756367,3962.8040850759844,Two year,No,Electronic check,No,1,No
ID_518,3,72.54610453683428,568.6585155882625,One year,DSL,Mailed check,Yes,1,Yes
ID_519,24,80.59792790135063,2123.459717584547,One year,No,Mailed check,Yes,0,No
ID_520,7,92.25390562436729,6514.530819713933,Two year,No,Credit card,No,1,No
ID_521,28,89.01665720125517,1516.002573149061,One year,Fiber optic,Electronic check,No,1,No
ID_522,52,88.21051209803544,145.34944007670708,Two year,No,Electronic check,No,1,No
ID_523,34,93.28299442393073,565.6197054211698,Month-to-month,DSL,Bank transfer,Yes,0,No
ID_524,1,55.27817721717027,6711.306796245921,One year,No,Bank transfer,No,1,Yes
ID_525,20,53.14204667550731,6394.510598191722,Two year,Fiber optic,Electronic check,No,0,Yes
ID_526,57,113.36131200387565,6981.987445850731,One year,No,Electronic check,No,0,No
ID_527,69,108.18100341361166,3468.1978038339607,Two year,DSL,Mailed check,No,1,Yes
ID_528,17,84.13870399973376,4441.788151248568,Two year,DSL,Electronic check,No,1,No
ID_529,9,51.36993420079156,6073.86512095183,One year,DSL,Credit card,Yes,1,Yes
ID_530,62,88.69390390371973,6859.733644558478,Month-to-month,No,Bank transfer,No,1,Yes
ID_531,9,43.63613264422312,1190.5141693043095,Month-to-month,DSL,Credit card,No,1,Yes
ID_532,65,50.04394167762395,6692.272701778899,One year,DSL,Electronic check,No,0,No
ID_533,46,98.12411718487593,5398.660427135335,Two year,No,Credit card,Yes,1,Yes
ID_534,10,26.258707782031834,5331.055875505685,One year,Fiber optic,Credit card,No,0,No
ID_535,48,108.81272479389591,1350.794414571175,Two year,Fiber optic,Electronic check,No,0,No
ID_536,6,45.833543827724625,4685.787457169287,One year,No,Mailed check,Yes,0,No
ID_537,66,25.37427915099835,2089.52251543121,One year,No,Bank transfer,No,0,No
ID_538,8,43.20174348403637,5247.102629431079,Two year,Fiber optic,Electronic check,Yes,0,No
ID_539,61,26.737800628085523,4911.302571655976,Month-to-month,No,Electronic check,No,0,No
ID_540,38,45.45368153605689,3487.743688166263,Two year,DSL,Bank transfer,No,1,Yes
ID_541,55,40.0390877378988,5628.162030902765,Two year,Fiber optic,Bank transfer,Yes,1,Yes
ID_542,66,90.83152863995856,7057.833074411131,Two year,DSL,Electronic check,Yes,0,Yes
ID_543,12,67.3548139302793,6697.856538688463,Two year,No,Mailed check,No,1,No
ID_544,10,55.934267847943005,4305.6668668754355,One year,Fiber optic,Electronic check,No,0,No
ID_545,71,103.06075208434602,4937.122280772411,One year,No,Credit card,No,0,No
ID_546,25,106.15259845867782,1807.1780052425509,Month-to-month,Fiber optic,Bank transfer,Yes,0,No
ID_547,70,82.87914905403818,449.7602627906456,Two year,DSL,Bank transfer,No,1,No
ID_548,35,95.95232651432198,1330.4621841310905,One year,No,Bank transfer,No,0,No
ID_549,19,96.8201619082322,7723.201998752215,Two year,DSL,Electronic check,No,0,No
ID_550,17,33.392951833741584,1019.8837661539284,One year,No,Mailed check,Yes,0,No
ID_551,24,94.51693809106902,511.14978423169913,Two year,Fiber optic,Bank transfer,Yes,0,Yes
ID_552,54,95.50395186713926,5998.2745387954,Two year,No,Mailed check,Yes,1,Yes
ID_553,26,27.06624129393052,4830.294436614443,Two year,No,Electronic check,No,0,No
ID_554,11,79.22464665684129,1734.6212110517397,One year,Fiber optic,Credit card,No,0,No
ID_555,71,92.94258237843256,593.6778845410565,One year,No,Credit card,No,1,No
ID_556,36,68.3773020493692,7659.909740984307,One year,DSL,Mailed check,Yes,1,No
ID_557,17,69.87714340930205,4781.339687905382,Month-to-month,Fiber optic,Bank transfer,Yes,0,No
ID_558,68,107.59141778702151,7680.378240245765,Month-to-month,Fiber optic,Credit card,No,1,No
ID_559,65,60.27729729455122,6110.397215048039,Two year,No,Mailed check,Yes,1,No
ID_560,46,45.55067053506499,2439.4046711471983,Two year,DSL,Credit card,No,0,No
ID_561,28,28.412158802499636,787.5917673240253,Two year,DSL,Bank transfer,Yes,1,Yes
ID_562,49,45.27543336159004,2826.023712447222,Two year,Fiber optic,Bank transfer,No,1,No
ID_563,68,101.64309845056759,2445.8157949324595,Month-to-month,DSL,Bank transfer,No,1,Yes
ID_564,15,109.45666388210583,1216.5708892029984,Two year,No,Mailed check,No,1,No
ID_565,18,76.5213166955106,4351.9856722864515,Month-to-month,Fiber optic,Electronic check,Yes,1,No
ID_566,65,70.15538459883328,3802.9461871847075,Month-to-month,Fiber optic,Credit card,No,1,No
ID_567,3,107.32504178029768,7649.008577995626,One year,No,Credit card,No,1,Yes
ID_568,11,42.04322679223371,247.4196449861838,Two year,DSL,Bank transfer,No,1,No
ID_569,24,100.57492093718179,2296.9082830233433,Two year,Fiber optic,Electronic check,No,0,No
ID_570,61,66.08590362668852,7811.6492088053965,Month-to-month,No,Electronic check,Yes,0,No
ID_571,43,62.50445265414277,6311.068073768814,Two year,DSL,Mailed check,Yes,0,No
ID_572,45,99.2514618921787,6022.589858772865,Two year,No,Bank transfer,No,1,No
ID_573,13,23.01913749311543,5865.84349420813,One year,Fiber optic,Mailed check,No,0,Yes
ID_574,53,81.44075671817035,6640.32329605307,Two year,DSL,Mailed check,No,1,No
ID_575,23,48.70304396702205,4562.359050924745,One year,Fiber optic,Credit card,Yes,0,No
ID_576,71,41.00265279125901,2525.0494575694534,Month-to-month,No,Credit card,Yes,0,No
ID_577,13,113.07183663174766,3899.930962442361,One year,DSL,Electronic check,No,0,No
ID_578,42,73.2279794181955,3532.1192071964033,One year,No,Electronic check,Yes,1,No
ID_579,41,22.776875604369387,6838.576415941076,Two year,No,Mailed check,No,1,No
ID_580,7,105.87047263087338,7226.9832768441665,Month-to-month,DSL,Bank transfer,Yes,0,No
ID_581,40,57.02368585626152,7665.332334923609,Two year,DSL,Bank transfer,No,1,No
ID_582,60,71.78811457613637,3614.8611084458616,One year,DSL,Electronic check,No,1,No
ID_583,5,59.40967788706384,3262.7779030105307,One year,No,Credit card,No,0,No
ID_584,56,22.416979210325554,2331.5063953332833,Month-to-month,DSL,Bank transfer,No,0,No
ID_585,68,110.56138104353863,7031.997233920459,One year,No,Credit card,Yes,1,No
ID_586,11,48.37418773965891,5498.589454447278,Two year,Fiber optic,Electronic check,Yes,1,No
ID_587,44,22.919520194573465,1164.7510257339466,Two year,Fiber optic,Mailed check,No,1,No
ID_588,25,50.81516192990189,3524.225071722513,Month-to-month,DSL,Mailed check,Yes,1,No
ID_589,12,93.17709282072661,7131.482755204359,Two year,Fiber optic,Mailed check,No,0,No
ID_590,66,43.719563333984155,2095.459496066772,Two year,No,Electronic check,No,0,Yes
ID_591,51,43.32670707305231,3431.9704857349866,Two year,No,Mailed check,Yes,0,No
ID_592,28,93.59610543972433,5507.3470753491365,Two year,DSL,Bank transfer,Yes,0,No
ID_593,51,85.01046069754032,6583.6368835707435,Month-to-month,DSL,Electronic check,No,0,No
ID_594,38,34.77343614115041,3048.557302900827,Two year,No,Bank transfer,Yes,1,Yes
ID_595,44,91.86058498936852,2008.4131520256647,Two year,DSL,Bank transfer,No,0,No
ID_596,51,66.37456995765356,610.2381068259256,Month-to-month,No,Credit card,No,1,No
ID_597,54,37.540970120115176,6705.313189043817,Two year,No,Bank transfer,Yes,1,Yes
ID_598,63,60.551314292100514,6011.334388249098,Two year,DSL,Credit card,No,1,No
ID_599,67,33.55843738164326,1446.4071260673188,Month-to-month,Fiber optic,Credit card,Yes,1,No
ID_600,1,33.43965538965087,1906.252550996629,Month-to-month,DSL,Mailed check,Yes,1,Yes
ID_601,1,65.6878290012661,3167.169536717997,Two year,Fiber optic,Bank transfer,Yes,1,No
ID_602,71,53.120639333659085,3903.3762306881704,Two year,DSL,Electronic check,Yes,0,Yes
ID_603,2,113.45795764258418,1945.970984979542,Month-to-month,No,Electronic check,Yes,0,Yes
ID_604,8,110.9608335289872,4300.547976741068,Two year,No,Bank transfer,No,0,No
ID_605,1,50.05488852615956,268.9771847014759,One year,Fiber optic,Mailed check,Yes,1,Yes
ID_606,41,20.86040263350362,2426.5953080797467,Month-to-month,Fiber optic,Bank transfer,No,0,No
ID_607,12,49.0089562748675,4842.203585390185,Month-to-month,DSL,Credit card,No,1,No
ID_608,24,94.01216260031853,7846.111130900172,Two year,DSL,Bank transfer,No,0,No
ID_609,11,87.62401925576376,6207.816843649277,Month-to-month,DSL,Mailed check,No,1,Yes
ID_610,32,112.15368367135656,1619.2634087117092,Month-to-month,No,Mailed check,Yes,1,No
ID_611,4,71.27200349759926,5283.19756782801,Month-to-month,Fiber optic,Bank transfer,Yes,0,No
ID_612,54,52.466292469676006,5156.634921616167,Month-to-month,DSL,Credit card,Yes,1,Yes
ID_613,56,107.64015718735985,7577.461922756949,Two year,Fiber optic,Credit card,No,0,Yes
ID_614,46,32.46496088912503,5744.545020671729,Month-to-month,DSL,Mailed check,No,1,No
ID_615,21,82.23974188107609,3867.8036485721314,One year,DSL,Bank transfer,Yes,0,No
ID_616,38,117.87232855353484,926.6865111664564,Two year,Fiber optic,Mailed check,Yes,1,Yes
ID_617,8,94.70028818445125,6723.560061797279,One year,DSL,Electronic check,No,0,No
ID_618,39,75.75274538430328,6776.900347409166,One year,DSL,Mailed check,Yes,1,No
ID_619,35,36.58994117063133,7126.737898205513,One year,Fiber optic,Mailed check,Yes,0,No
ID_620,54,67.95549925981518,1687.1889393106878,One year,DSL,Mailed check,No,0,No
ID_621,6,73.9865186973141,137.11074555710653,Two year,No,Bank transfer,No,1,Yes
ID_622,63,113.66053724642798,1165.9374404005785,One year,No,Credit card,Yes,1,Yes
ID_623,18,108.26263804886982,7231.7737031156275,Month-to-month,No,Credit card,Yes,0,Yes
ID_624,35,103.50646436593485,1457.0694856595567,One year,DSL,Electronic check,Yes,0,No
ID_625,43,39.21034260342096,4114.957163384748,Two year,No,Credit card,Yes,1,Yes
ID_626,66,88.33860490507568,153.97992801703313,Month-to-month,No,Bank transfer,No,0,Yes
ID_627,5,84.45530240191101,7457.753707163786,Month-to-month,DSL,Electronic check,Yes,1,No
ID_628,61,60.59376173127757,1132.5353488045582,Two year,DSL,Credit card,Yes,0,No
ID_629,40,56.107178191692725,41.78112543012385,Two year,Fiber optic,Mailed check,No,1,No
ID_630,27,75.97550974492263,1907.409153332367,One year,Fiber optic,Electronic check,Yes,1,Yes
ID_631,63,101.35702686518155,4151.9372788295395,One year,DSL,Electronic check,Yes,0,No
ID_632,28,92.74500177016155,5453.2454605110115,One year,DSL,Bank transfer,No,0,No
ID_633,22,105.80939650989946,1838.3162773833799,One year,DSL,Credit card,Yes,1,No
ID_634,27,53.660002429410405,5747.741623904958,Month-to-month,Fiber optic,Electronic check,Yes,0,No
ID_635,32,31.73985670008959,4446.014915017823,Month-to-month,Fiber optic,Bank transfer,Yes,1,No
ID_636,54,24.640393606344198,271.60407810842366,Month-to-month,No,Credit card,Yes,0,No
ID_637,6,106.72908544095843,3415.7399858658728,Month-to-month,No,Credit card,Yes,1,No
ID_638,69,94.74475561664688,5077.90571987499,Month-to-month,DSL,Electronic check,Yes,1,No
ID_639,69,80.14658901367383,5024.194529557349,Two year,No,Bank transfer,No,0,No
ID_640,65,99.80753544352332,6598.103537606127,One year,Fiber optic,Credit card,Yes,1,No
ID_641,39,55.35511167663664,3277.508232092783,Two year,DSL,Electronic check,No,1,No
ID_642,18,43.70711746329486,4912.770931630752,Two year,No,Mailed check,Yes,1,No
ID_643,44,67.90941847644562,6930.717577293891,One year,No,Mailed check,No,1,No
ID_644,4,31.99816406306624,2961.0882642587744,Month-to-month,DSL,Electronic check,Yes,1,No
ID_645,15,107.84631797464304,6416.683680834998,One year,Fiber optic,Bank transfer,Yes,1,No
ID_646,30,57.90790267656722,2732.928237374009,Month-to-month,DSL,Electronic check,No,0,No
ID_647,71,116.03613041567586,845.7369640610577,Month-to-month,Fiber optic,Electronic check,No,1,No
ID_648,51,93.63226305825302,5973.831400212881,Month-to-month,Fiber optic,Credit card,No,0,No
ID_649,5,92.83203380346148,7629.8863192842255,Month-to-month,No,Mailed check,No,1,No
ID_650,18,87.64529939539588,3801.767274122098,Two year,Fiber optic,Credit card,Yes,1,No
ID_651,36,67.45211260722972,6118.617936208593,Month-to-month,DSL,Credit card,Yes,0,No
ID_652,49,25.33073674750739,6674.062404186122,One year,No,Credit card,No,1,No
ID_653,43,53.644803333979766,7628.208212206172,Two year,Fiber optic,Bank transfer,No,1,No
ID_654,42,68.60731868954502,6520.012826499255,Two year,No,Electronic check,No,0,Yes
ID_655,68,117.740392866188,6480.306394185736,Two year,DSL,Electronic check,No,0,No
ID_656,46,33.21443711137326,3565.3663949191796,One year,Fiber optic,Credit card,No,0,No
ID_657,55,107.33934068938977,1004.194988273861,Two year,No,Electronic check,Yes,1,Yes
ID_658,48,100.61124279186723,3328.5835769955625,Month-to-month,No,Bank transfer,Yes,0,Yes
ID_659,33,93.13227298243955,5128.928756084849,One year,No,Credit card,No,0,Yes
ID_660,52,101.93130776364065,7032.300385233346,Two year,No,Credit card,No,0,No
ID_661,6,49.64832186952738,3336.794751823061,One year,No,Bank transfer,Yes,0,Yes
ID_662,64,60.490090413012915,2681.594935653607,One year,Fiber optic,Bank transfer,No,0,No
ID_663,1,36.76005562035385,6088.713730289594,Month-to-month,No,Mailed check,No,0,No
ID_664,16,39.81215935495223,2586.8278335073514,Two year,No,Mailed check,Yes,0,Yes
ID_665,48,88.97863552052847,4194.999084526553,One year,No,Electronic check,No,1,No
ID_666,65,42.56016189432016,1046.500108913457,Month-to-month,DSL,Credit card,Yes,0,No
ID_667,12,119.4473648632017,48.178736845850906,Month-to-month,DSL,Credit card,No,0,No
ID_668,12,48.47174336739884,6853.008713814056,Two year,DSL,Credit card,No,1,No
ID_669,23,114.4279136624178,2749.03351997382,Two year,No,Mailed check,Yes,0,No
ID_670,45,71.71842588798968,3797.8726402077486,One year,Fiber optic,Electronic check,No,0,No
ID_671,3,111.14259331486672,1584.79787615999,One year,DSL,Bank transfer,Yes,0,No
ID_672,1,113.01196477852761,6481.72960712949,One year,Fiber optic,Mailed check,Yes,1,Yes
ID_673,10,91.23909091372663,1415.4686018950295,Month-to-month,No,Electronic check,No,0,No
ID_674,54,112.54595471090451,3646.7846848970503,One year,DSL,Mailed check,Yes,0,No
ID_675,48,71.7198998453217,574.6911656372173,Two year,No,Mailed check,No,0,No
ID_676,1,80.59714904930662,3050.0383717058266,Two year,Fiber optic,Mailed check,Yes,0,No
ID_677,65,90.14131794177653,2930.9885945450687,Two year,No,Mailed check,Yes,0,No
ID_678,11,114.01890873203912,6240.369361484086,Month-to-month,No,Mailed check,Yes,0,No
ID_679,24,96.0116222120181,4965.209375609667,One year,DSL,Electronic check,No,0,No
ID_680,7,30.459550034320596,1842.1213567514994,Month-to-month,DSL,Bank transfer,No,0,Yes
ID_681,29,24.628465718641053,1293.9074311486143,One year,DSL,Credit card,Yes,1,No
ID_682,49,87.82981030652867,604.2245400479638,Month-to-month,Fiber optic,Electronic check,Yes,1,No
ID_683,27,115.11676645732614,414.8983783926305,Two year,DSL,Bank transfer,Yes,0,No
ID_684,12,95.59501276731237,3066.056164322347,One year,No,Mailed check,Yes,1,No
ID_685,23,105.44283251180002,7231.168104928197,Month-to-month,Fiber optic,Mailed check,No,0,No
ID_686,24,85.27471556655196,7138.377624612616,Month-to-month,DSL,Credit card,Yes,1,Yes
ID_687,6,25.411088984961822,3823.092124596734,Month-to-month,Fiber optic,Bank transfer,No,0,Yes
ID_688,8,85.73184583508443,1809.6897604720234,Two year,Fiber optic,Credit card,Yes,1,Yes
ID_689,26,77.15450610753805,6308.411730572504,Month-to-month,No,Credit card,Yes,1,No
ID_690,19,33.938824089283585,521.5792224539166,Month-to-month,Fiber optic,Mailed check,Yes,1,No
ID_691,27,47.1841681152945,4231.940619539326,One year,DSL,Bank transfer,No,0,No
ID_692,60,38.48817425218468,2628.163114525285,Month-to-month,No,Credit card,No,1,No
ID_693,2,94.17773008473685,1977.3034851546854,One year,No,Mailed check,No,0,No
ID_694,32,103.71976365297098,6994.942094767206,Month-to-month,Fiber optic,Electronic check,Yes,1,Yes
ID_695,71,107.33555662041964,5554.213770017372,Month-to-month,No,Mailed check,Yes,0,Yes
ID_696,28,108.79653605658595,6129.892440905428,Two year,DSL,Electronic check,No,0,Yes
ID_697,15,54.21224831937939,1367.3789313358886,Two year,Fiber optic,Mailed check,No,0,No
ID_698,11,67.09144365993379,7212.923231906515,Month-to-month,No,Mailed check,Yes,1,No
ID_699,46,32.73705680056989,2597.5237690580016,Month-to-month,Fiber optic,Bank transfer,No,0,No
ID_700,53,66.84955879575242,3449.7345191747295,One year,Fiber optic,Mailed check,Yes,1,No
ID_701,61,99.40417902613623,1337.7378997798053,One year,Fiber optic,Mailed check,Yes,1,No
ID_702,36,115.40147052291314,1329.3977617906107,Month-to-month,DSL,Credit card,No,1,No
ID_703,14,104.71451471075139,1595.3895798449478,Two year,DSL,Credit card,Yes,0,Yes
ID_704,66,65.27938952333754,2219.0973948810074,Two year,Fiber optic,Electronic check,Yes,1,No
ID_705,42,116.02665838379873,2942.516523850943,One year,Fiber optic,Mailed check,No,1,Yes
ID_706,52,110.24166567951993,5650.815175780466,Two year,Fiber optic,Mailed check,No,1,Yes
ID_707,24,29.611831427114282,474.2081097278583,Month-to-month,Fiber optic,Electronic check,No,0,No
ID_708,38,90.61209299744571,859.8634251575465,Month-to-month,Fiber optic,Bank transfer,Yes,0,No
ID_709,65,117.834397857688,5512.6599401696085,Two year,DSL,Bank transfer,No,0,No
ID_710,38,55.628946158912335,5020.146038976731,One year,No,Bank transfer,No,0,Yes
ID_711,14,31.725538862623818,6860.072182447029,Month-to-month,Fiber optic,Credit card,No,0,No
ID_712,20,82.004322144405,1238.0982907997004,One year,Fiber optic,Credit card,Yes,1,Yes
ID_713,56,53.873115482062055,1116.1497208653057,Two year,Fiber optic,Bank transfer,No,1,Yes
ID_714,15,21.813792311399542,1887.2572630882462,One year,No,Credit card,No,1,Yes
ID_715,22,53.40369697732759,5558.5366028946555,Month-to-month,No,Bank transfer,No,0,No
ID_716,13,25.54957381836163,5122.2467798279085,Two year,DSL,Bank transfer,No,1,No
ID_717,27,107.01699264461512,5166.737454175953,Month-to-month,Fiber optic,Electronic check,No,0,No
ID_718,54,23.413237230662926,4926.9216079781845,Month-to-month,Fiber optic,Bank transfer,No,0,No
ID_719,15,99.9618177017668,6636.492341287453,Two year,DSL,Electronic check,No,1,Yes
ID_720,61,74.35799147087124,7547.969293087956,Month-to-month,No,Bank transfer,Yes,0,No
ID_721,44,74.73282542910049,6874.185156779279,One year,No,Credit card,No,1,No
ID_722,55,97.24141651014864,2924.533938633494,One year,Fiber optic,Mailed check,No,0,No
ID_723,54,73.12875923825038,2994.1379660534717,Month-to-month,DSL,Electronic check,No,1,No
ID_724,65,108.5451737041133,6713.837344938642,Month-to-month,DSL,Electronic check,No,1,No
ID_725,48,80.16905448076443,6794.199683146525,Month-to-month,No,Bank transfer,Yes,0,Yes
ID_726,25,60.48190373373984,5515.208645944695,Two year,DSL,Electronic check,No,0,No
ID_727,12,51.70587233322564,5919.317416219701,One year,Fiber optic,Mailed check,Yes,1,No
ID_728,43,74.54511797676764,5028.351068793827,One year,DSL,Electronic check,No,0,Yes
ID_729,4,35.07001906493126,2783.861245515799,Month-to-month,Fiber optic,Credit card,Yes,1,No
ID_730,30,42.02514101001306,5320.477488970784,Two year,DSL,Electronic check,No,1,No
ID_731,3,95.43204867866179,6775.820287210211,Month-to-month,DSL,Bank transfer,No,0,Yes
ID_732,18,45.725084389498896,7146.900649452645,Two year,DSL,Bank transfer,Yes,0,Yes
ID_733,43,103.74437285556485,6110.585681549222,Two year,Fiber optic,Mailed check,Yes,1,Yes
ID_734,21,39.123090036593055,4847.621530733444,Two year,Fiber optic,Electronic check,No,0,No
ID_735,30,42.59373874899766,7738.115642826759,Two year,DSL,Electronic check,Yes,0,No
ID_736,29,83.6071399418172,7944.829741828398,Month-to-month,Fiber optic,Bank transfer,No,1,Yes
ID_737,49,115.81565661440749,1542.2983223851224,Month-to-month,No,Credit card,No,0,Yes
ID_738,58,98.42930015680788,7130.827470663372,Month-to-month,Fiber optic,Credit card,Yes,1,Yes
ID_739,51,88.34096701845554,5269.648549964645,Month-to-month,Fiber optic,Electronic check,Yes,0,Yes
ID_740,45,37.01191770630243,974.2091611035621,Two year,No,Credit card,Yes,0,Yes
ID_741,56,69.87219019777044,765.4848644316517,Two year,No,Bank transfer,Yes,0,Yes
ID_742,5,104.96833867446094,4135.711520695929,One year,No,Credit card,No,0,No
ID_743,61,84.56366290186799,63.065793848912506,Two year,Fiber optic,Credit card,Yes,1,No
ID_744,2,23.71441859143443,538.0214079121964,Month-to-month,No,Mailed check,No,1,Yes
ID_745,47,43.52700149572215,5179.788555599022,Two year,Fiber optic,Electronic check,Yes,1,No
ID_746,9,62.72824555948148,952.5826915988238,Two year,DSL,Credit card,Yes,0,No
ID_747,26,29.871713164173258,3825.3409674983277,Month-to-month,DSL,Mailed check,No,0,Yes
ID_748,42,112.34435727803991,3507.2250982021687,Two year,No,Credit card,No,0,Yes
ID_749,43,76.34569255015916,7210.58282327268,One year,No,Bank transfer,Yes,0,Yes
ID_750,40,104.09065300321654,3258.1026779050885,Two year,Fiber optic,Electronic check,Yes,1,No
ID_751,54,40.75810608116939,3355.3194433417448,One year,No,Credit card,Yes,0,No
ID_752,26,114.83359024175854,6769.671241188845,One year,Fiber optic,Mailed check,No,0,No
ID_753,15,76.51063724175663,4097.650659945208,Month-to-month,Fiber optic,Bank transfer,No,1,No
ID_754,51,77.32354037855475,2728.500006457104,One year,DSL,Credit card,No,0,Yes
ID_755,49,118.92553274255648,4777.7060482417655,Month-to-month,Fiber optic,Bank transfer,No,0,No
ID_756,15,34.46618956798581,6431.718386896093,Month-to-month,DSL,Credit card,Yes,0,No
ID_757,51,43.96154568961882,4353.124344565413,Two year,No,Mailed check,Yes,1,Yes
ID_758,56,92.39803988930021,7667.249552016513,Month-to-month,No,Credit card,No,1,No
ID_759,51,21.33529069547653,3787.5968194502693,Month-to-month,DSL,Credit card,No,0,No
ID_760,31,26.41394303199251,3074.133675131266,Two year,No,Mailed check,Yes,1,No
ID_761,24,49.04020949545182,3273.3348353685187,Month-to-month,DSL,Electronic check,Yes,1,No
ID_762,19,107.89410578699011,1435.1800544751814,One year,DSL,Credit card,Yes,0,No
ID_763,13,83.31280193265016,3541.2957311245987,Two year,Fiber optic,Mailed check,Yes,0,No
ID_764,13,66.13526479967061,2501.283602870144,Month-to-month,DSL,Credit card,Yes,0,No
ID_765,47,75.86657648226218,4665.190325212005,One year,No,Mailed check,No,1,No
ID_766,17,37.417788947211754,1515.4082498281955,Two year,Fiber optic,Credit card,No,1,No
ID_767,23,100.31737578135085,7135.397482323823,Two year,No,Bank transfer,Yes,0,No
ID_768,48,103.55874961503712,4686.452068424114,One year,DSL,Mailed check,Yes,0,Yes
ID_769,6,46.83239441398773,2183.375791962822,Two year,No,Bank transfer,No,1,No
ID_770,61,50.036579751875195,5642.437274052775,Month-to-month,Fiber optic,Electronic check,No,1,Yes
ID_771,23,25.539504162888154,1749.3834367695094,One year,DSL,Electronic check,Yes,1,Yes
ID_772,17,42.727234192839035,7291.2800948873255,One year,DSL,Bank transfer,No,1,No
ID_773,15,84.1894253739521,4542.028891456677,Month-to-month,No,Bank transfer,Yes,0,No
ID_774,70,94.92212474522401,4790.754679453266,Month-to-month,Fiber optic,Bank transfer,No,1,No
ID_775,30,33.44305079750766,7449.904797892557,Two year,DSL,Mailed check,No,0,No
ID_776,24,68.90688109413121,3766.4136567231176,Month-to-month,DSL,Mailed check,Yes,1,No
ID_777,53,44.88749217660367,7728.962262800544,One year,Fiber optic,Electronic check,Yes,1,Yes
ID_778,27,54.72257618162592,7453.84859436195,Month-to-month,DSL,Electronic check,No,0,No
ID_779,41,38.94700467416335,3679.175055117232,Two year,No,Bank transfer,No,0,No
ID_780,62,81.0152372403195,49.66093746099837,Month-to-month,No,Mailed check,No,0,No
ID_781,7,46.54670805862397,534.367390029894,Month-to-month,DSL,Mailed check,Yes,0,Yes
ID_782,71,119.82824356783988,5547.631227837699,Month-to-month,DSL,Credit card,Yes,0,No
ID_783,42,57.980982730434086,5204.044300382664,One year,No,Credit card,No,1,Yes
ID_784,65,87.69146922918787,6430.500883051745,Month-to-month,DSL,Mailed check,No,1,No
ID_785,58,30.4183631205082,2931.4349116890385,One year,Fiber optic,Electronic check,Yes,0,No
ID_786,61,99.6619611058085,4637.729405992817,Two year,DSL,Credit card,No,0,No
ID_787,39,73.48176817778611,177.66875943820375,Two year,Fiber optic,Bank transfer,Yes,1,Yes
ID_788,52,60.738657572306245,4883.319739208531,Month-to-month,No,Credit card,No,0,No
ID_789,17,104.78448453666613,1400.5296074052035,Month-to-month,Fiber optic,Electronic check,No,0,No
ID_790,58,26.326267760302695,4797.067897095,Month-to-month,Fiber optic,Mailed check,No,1,No
ID_791,54,47.240508534721656,6579.210141800181,One year,No,Mailed check,No,1,No
ID_792,24,30.589423396044563,4412.482420062658,Two year,No,Electronic check,No,1,No
ID_793,16,82.04886677515813,7498.039582317223,One year,Fiber optic,Credit card,Yes,1,No
ID_794,17,35.979269121373974,6898.725456165377,One year,Fiber optic,Electronic check,Yes,0,Yes
ID_795,44,44.202155910340736,7290.083107272226,Month-to-month,No,Mailed check,No,0,No
ID_796,53,23.699486977988542,1030.6939233809776,Month-to-month,Fiber optic,Electronic check,No,0,No
ID_797,68,39.46641843301602,185.53465711916166,Two year,DSL,Electronic check,No,0,No
ID_798,68,91.04434756786561,1590.6012789030742,One year,Fiber optic,Bank transfer,Yes,0,Yes
ID_799,61,110.49312980930765,6261.785341385616,Two year,No,Mailed check,No,0,No
ID_800,63,97.57919806101131,5517.0139949214845,Two year,Fiber optic,Mailed check,No,1,No
ID_801,57,57.31073454482744,153.55935488719956,Month-to-month,Fiber optic,Bank transfer,Yes,0,No
ID_802,25,51.99212988334522,4129.028721483816,Month-to-month,No,Credit card,No,1,No
ID_803,45,74.37819183905802,7533.10844579164,Month-to-month,Fiber optic,Electronic check,No,0,No
ID_804,40,40.906715669408825,856.8684300848512,Month-to-month,No,Mailed check,Yes,0,No
ID_805,15,24.046485752302097,5876.858375215363,Month-to-month,Fiber optic,Bank transfer,No,0,No
ID_806,32,69.48390700897656,2163.8149183996356,Month-to-month,DSL,Credit card,No,0,No
ID_807,23,119.04425533319875,679.7699370159304,One year,DSL,Electronic check,Yes,1,No
ID_808,28,46.21874501143452,1011.3887869421171,Month-to-month,No,Bank transfer,No,1,Yes
ID_809,26,47.2940428311397,2475.6345739535286,Two year,DSL,Credit card,No,0,No
ID_810,61,74.13202877068986,3280.8720055818217,One year,DSL,Bank transfer,No,0,No
ID_811,64,69.10615982005179,3950.597836359489,Month-to-month,DSL,Credit card,Yes,0,No
ID_812,32,59.989073848215654,7745.205068683627,One year,Fiber optic,Mailed check,No,0,No
ID_813,64,70.97503907352143,6479.298745835573,Month-to-month,No,Bank transfer,No,0,No
ID_814,44,97.20606729063186,5432.302700140596,Two year,DSL,Credit card,No,0,No
ID_815,31,109.38581283327233,6798.581912657178,Month-to-month,Fiber optic,Credit card,No,0,No
ID_816,22,80.19555726552096,1742.3736688413217,One year,No,Mailed check,Yes,1,No
ID_817,10,119.84178747586576,866.4977039985177,One year,Fiber optic,Bank transfer,No,1,Yes
ID_818,52,115.40137807011008,7961.751318172304,Two year,No,Electronic check,No,0,No
ID_819,54,110.55365955563556,7316.888941973282,Month-to-month,Fiber optic,Credit card,No,1,No
ID_820,57,105.29050566777396,5790.54198536523,Month-to-month,No,Mailed check,No,1,No
ID_821,13,50.4123163403766,6823.767094920092,One year,DSL,Credit card,No,0,Yes
ID_822,16,58.42040718326756,2366.78008038173,Two year,Fiber optic,Electronic check,Yes,0,No
ID_823,30,64.65437233946031,4868.267354935343,Two year,No,Credit card,No,1,No
ID_824,3,62.6454835958252,2473.225866530287,Two year,DSL,Bank transfer,No,1,No
ID_825,37,21.11829480845088,5819.042462812831,One year,Fiber optic,Mailed check,Yes,1,Yes
ID_826,13,37.62691782999498,4531.68347150587,One year,DSL,Mailed check,Yes,0,No
ID_827,44,70.09484012159564,2329.8596318499503,Month-to-month,DSL,Electronic check,Yes,0,No
ID_828,3,21.659819552511866,7729.368015782507,Two year,Fiber optic,Electronic check,Yes,1,Yes
ID_829,12,73.00951611687185,1001.4100581613183,Month-to-month,No,Bank transfer,Yes,1,No
ID_830,14,58.57489754415568,7884.770379066743,Two year,No,Credit card,Yes,1,No
ID_831,1,76.59594061142667,3476.8683601591574,Month-to-month,No,Bank transfer,No,1,No
ID_832,33,82.74175161343251,6654.447449017559,One year,Fiber optic,Electronic check,No,1,Yes
ID_833,28,59.21967922047338,6993.988585833947,Month-to-month,No,Mailed check,Yes,0,No
ID_834,47,49.11990640951558,2149.059660713755,Two year,DSL,Electronic check,No,1,No
ID_835,8,92.61049583170715,3000.625808227107,Two year,No,Mailed check,Yes,1,Yes
ID_836,45,117.72443356773785,6140.654651124443,Two year,Fiber optic,Electronic check,No,0,No
ID_837,28,88.42517773450427,6015.400300627136,Month-to-month,DSL,Mailed check,No,1,No
ID_838,39,34.79911948206281,3704.2468405232194,Month-to-month,Fiber optic,Electronic check,No,0,No
ID_839,44,117.82135235276911,5230.486218991683,Two year,No,Electronic check,Yes,1,No
ID_840,60,21.937714494940547,1933.56493178839,One year,No,Credit card,Yes,1,Yes
ID_841,43,50.3325630021656,1854.3157219632983,One year,DSL,Mailed check,Yes,0,No
ID_842,39,39.8606491520726,1338.7840932183365,Month-to-month,No,Mailed check,Yes,1,No
ID_843,70,84.16437647010426,647.476662527684,One year,DSL,Credit card,No,1,No
ID_844,68,67.63175744004212,1446.7205379303136,Month-to-month,DSL,Bank transfer,Yes,1,Yes
ID_845,70,72.04174302887034,6007.975917935001,Two year,DSL,Bank transfer,No,1,No
ID_846,57,49.762751151447596,5007.265443726365,Month-to-month,DSL,Bank transfer,Yes,0,No
ID_847,32,70.9509518657724,3213.94140544299,Month-to-month,No,Bank transfer,No,0,No
ID_848,53,83.00531164060169,7519.399486498125,One year,DSL,Bank transfer,No,1,No
ID_849,68,24.219494037917848,7817.857897120584,Two year,DSL,Credit card,Yes,0,No
ID_850,19,23.89220777193501,1598.705040432925,Month-to-month,No,Bank transfer,Yes,1,No
ID_851,14,118.00469285699648,1130.6994564929778,One year,Fiber optic,Mailed check,No,1,No
ID_852,55,41.260793548651336,4119.23772155441,Two year,DSL,Bank transfer,No,1,Yes
ID_853,25,59.13453918067534,4453.646284168148,Month-to-month,Fiber optic,Electronic check,Yes,0,Yes
ID_854,63,114.57142687387434,7300.135220584186,Month-to-month,Fiber optic,Bank transfer,No,1,No
ID_855,35,76.55573078716615,6615.152103749694,Month-to-month,No,Electronic check,No,0,Yes
ID_856,51,23.14546382815053,5459.409619294736,Two year,Fiber optic,Credit card,No,0,No
ID_857,40,30.88768793506737,6300.203487368085,Month-to-month,No,Electronic check,Yes,1,No
ID_858,15,78.2795638370811,1827.7529209968632,One year,DSL,Electronic check,No,1,No
ID_859,18,98.95344125448418,3325.722357500444,Two year,No,Bank transfer,No,1,No
ID_860,16,102.64057371985058,2086.4337039969037,Month-to-month,No,Bank transfer,No,1,No
ID_861,21,86.02160595837911,169.71742776001167,Month-to-month,No,Mailed check,No,1,No
ID_862,8,60.50763525611707,2773.7605832332283,Month-to-month,No,Electronic check,No,0,No
ID_863,61,35.812759533366375,5037.118746872939,Month-to-month,DSL,Credit card,Yes,0,No
ID_864,51,105.77526313615297,770.3035689380866,Two year,Fiber optic,Bank transfer,No,1,No
ID_865,32,33.838782314565464,7573.2213290017935,One year,Fiber optic,Mailed check,Yes,0,No
ID_866,15,35.28078581110488,6886.426075662268,One year,No,Mailed check,Yes,0,No
ID_867,55,60.992582901661166,1235.5545395057177,One year,DSL,Mailed check,No,0,No
ID_868,60,54.6680297504779,2431.6150596214084,Month-to-month,DSL,Electronic check,No,0,No
ID_869,51,46.35337370411578,4707.525283583588,Month-to-month,Fiber optic,Bank transfer,No,0,No
ID_870,42,40.87274966741333,7362.914404485478,Month-to-month,DSL,Electronic check,No,0,No
ID_871,51,106.08744723897145,1793.3269919817055,Month-to-month,No,Mailed check,Yes,0,No
ID_872,8,63.83778851846324,5626.408896974083,Two year,DSL,Bank transfer,No,1,No
ID_873,60,41.27065867788298,7083.683633058834,Month-to-month,No,Credit card,No,0,No
ID_874,59,41.09761462211074,6783.987295739442,Two year,No,Bank transfer,Yes,0,No
ID_875,15,97.09777814724877,7811.987880819022,Two year,No,Bank transfer,Yes,0,No
ID_876,67,82.6866557720629,79.5671220132999,Two year,No,Electronic check,No,0,No
ID_877,12,88.50597197715477,5337.682330929113,Two year,DSL,Electronic check,No,1,Yes
ID_878,31,58.2549938755541,2954.4830730592253,Two year,No,Electronic check,Yes,1,No
ID_879,62,90.39966578267072,3910.259196402993,Two year,DSL,Mailed check,Yes,1,No
ID_880,30,90.52588282615962,7891.977646908758,One year,DSL,Mailed check,Yes,1,No
ID_881,63,34.93374533770636,6532.103011482364,One year,Fiber optic,Electronic check,No,0,Yes
ID_882,43,42.785618388568984,3170.5941076054287,Two year,DSL,Mailed check,No,1,No
ID_883,53,116.50945090343333,3586.9725694609015,One year,Fiber optic,Electronic check,Yes,0,No
ID_884,50,67.96490451954183,4664.1930983193515,Month-to-month,No,Bank transfer,No,1,No
ID_885,41,119.9914795942814,1582.0655511956065,Month-to-month,DSL,Bank transfer,Yes,0,No
ID_886,66,65.46287676386075,123.86938103961705,One year,No,Electronic check,Yes,1,No
ID_887,28,110.20613802690993,2752.5609557498387,Month-to-month,Fiber optic,Bank transfer,No,1,No
ID_888,63,29.15473132427078,5052.195959856286,Two year,Fiber optic,Credit card,Yes,1,No
ID_889,58,35.71102726890524,808.986913237769,One year,DSL,Credit card,No,1,No
ID_890,28,113.36900741103766,6881.058414658412,Two year,Fiber optic,Electronic check,No,1,Yes
ID_891,21,69.721987836732,7141.583254170593,Two year,DSL,Mailed check,No,1,No
ID_892,32,103.41617834820188,2520.62455798399,Two year,Fiber optic,Credit card,Yes,1,No
ID_893,5,71.98037783120438,7874.765020039265,Two year,DSL,Mailed check,Yes,0,Yes
ID_894,59,82.04304781214047,6161.261016106152,One year,DSL,Mailed check,No,0,No
ID_895,11,61.469809663162685,4675.500006120441,Month-to-month,Fiber optic,Mailed check,No,0,No
ID_896,24,39.80404299054875,2813.438178235175,Month-to-month,No,Mailed check,No,1,No
ID_897,38,33.07533495621366,5034.732757550846,One year,No,Bank transfer,No,0,Yes
ID_898,55,68.40587683049621,6264.5396267900005,Two year,DSL,Electronic check,Yes,0,No
ID_899,45,63.36912649719679,5817.130506232097,Two year,DSL,Bank transfer,Yes,1,Yes
ID_900,21,65.26959274476683,2805.2700815758967,Month-to-month,No,Mailed check,No,0,No
ID_901,39,118.22571701857365,5679.771201572115,One year,Fiber optic,Mailed check,No,1,Yes
ID_902,35,63.85612009490571,2144.7050208802048,Two year,No,Electronic check,Yes,0,No
ID_903,30,100.04939995698648,7031.850219434244,Two year,No,Electronic check,Yes,1,No
ID_904,19,36.825692339559126,687.2289948162988,One year,No,Bank transfer,Yes,1,No
ID_905,10,51.24660198108313,456.8207261307272,One year,DSL,Bank transfer,Yes,0,Yes
ID_906,52,106.39080554809162,4181.428383888809,One year,DSL,Mailed check,No,1,No
ID_907,47,74.50362572799801,5631.200624999476,Two year,No,Mailed check,No,1,No
ID_908,22,21.74764833326857,6883.405030325739,One year,Fiber optic,Credit card,No,1,Yes
ID_909,56,25.834589392024156,3607.0427389306283,One year,DSL,Electronic check,No,0,Yes
ID_910,50,112.59112846211204,1074.2040377297503,Month-to-month,No,Mailed check,No,1,No
ID_911,42,29.76833921884449,6793.009748650883,One year,DSL,Bank transfer,Yes,1,Yes
ID_912,59,117.03801036110164,7524.862986524792,One year,Fiber optic,Credit card,No,0,No
ID_913,42,62.05046602906292,7258.182583217661,One year,No,Credit card,No,0,No
ID_914,10,43.55738327811751,7204.473745014166,Month-to-month,DSL,Mailed check,No,1,No
ID_915,12,108.39918975039697,4352.655043012195,Two year,No,Bank transfer,Yes,0,Yes
ID_916,13,73.1069144708894,7897.650032265608,One year,DSL,Bank transfer,Yes,0,No
ID_917,53,56.10471934725793,5383.999887302288,Two year,DSL,Electronic check,Yes,0,No
ID_918,14,62.837487968894514,4442.489097791657,One year,Fiber optic,Bank transfer,No,1,Yes
ID_919,28,21.77680562168321,4988.375321288963,Month-to-month,DSL,Credit card,No,1,No
ID_920,7,82.27950244497929,2618.8450421880675,One year,Fiber optic,Credit card,No,0,No
ID_921,22,114.33160570580932,2958.544916412032,Month-to-month,DSL,Electronic check,No,1,No
ID_922,17,50.049842861964216,6304.301183700595,Month-to-month,DSL,Credit card,No,0,No
ID_923,24,77.01979642305446,87.41028461098779,Two year,No,Electronic check,No,1,No
ID_924,71,82.81068420852253,2393.5643014432744,Two year,No,Mailed check,No,1,No
ID_925,15,118.09228001411671,6256.899043040405,Month-to-month,Fiber optic,Bank transfer,Yes,1,No
ID_926,28,102.69877336947862,2613.0514519045296,Month-to-month,DSL,Mailed check,No,1,No
ID_927,32,50.94088593575793,5608.7024091755,One year,Fiber optic,Credit card,Yes,0,Yes
ID_928,42,26.474245987741376,4234.218877508957,Two year,DSL,Mailed check,No,1,No
ID_929,61,63.52724407026922,95.14081847256251,Month-to-month,DSL,Mailed check,Yes,0,Yes
ID_930,67,97.14112922936614,400.88738846156883,Month-to-month,No,Credit card,No,1,No
ID_931,35,54.58874968356849,7822.952249850328,Month-to-month,Fiber optic,Mailed check,No,0,No
ID_932,21,22.2906585675212,6671.70449950489,Month-to-month,DSL,Bank transfer,Yes,0,No
ID_933,6,25.918477882928308,167.3001806337562,One year,DSL,Bank transfer,No,0,No
ID_934,45,67.4474782699258,7881.227159116209,Month-to-month,Fiber optic,Mailed check,No,0,Yes
ID_935,39,30.410998144387626,1707.9387527436777,One year,No,Bank transfer,No,0,No
ID_936,36,71.49024723378305,6649.535503876837,One year,No,Credit card,Yes,0,Yes
ID_937,25,86.1779367413947,3430.4631950023063,One year,No,Electronic check,Yes,0,Yes
ID_938,7,51.117046996356144,2024.935260158152,Month-to-month,DSL,Credit card,Yes,0,No
ID_939,31,106.31147673346678,1759.5551325244908,Two year,No,Electronic check,No,0,No
ID_940,1,31.094930950147095,5420.97104334281,Two year,No,Electronic check,No,0,Yes
ID_941,28,50.52833908433813,6260.922348622348,Month-to-month,No,Mailed check,Yes,0,No
ID_942,46,76.37049042207445,2894.231374517945,One year,No,Electronic check,No,0,No
ID_943,41,39.046650690139415,1096.540343755356,Month-to-month,DSL,Bank transfer,Yes,0,Yes
ID_944,50,115.40108939663955,7085.087502750134,Two year,No,Electronic check,No,1,Yes
ID_945,14,96.41080073929155,2022.3543745369866,Two year,DSL,Bank transfer,Yes,0,No
ID_946,7,71.52084459839458,598.8351816192342,Two year,Fiber optic,Electronic check,Yes,0,No
ID_947,44,45.854544649147,6631.513667520357,Month-to-month,No,Mailed check,No,0,Yes
ID_948,36,110.65274725312034,3994.5165642999364,Month-to-month,DSL,Bank transfer,No,1,Yes
ID_949,24,24.192766310242966,625.0165008160075,One year,No,Bank transfer,No,1,No
ID_950,30,74.78541188260382,7851.26010674326,Month-to-month,Fiber optic,Electronic check,No,1,Yes
ID_951,34,79.7902835552168,7278.36438118498,Two year,Fiber optic,Bank transfer,No,0,No
ID_952,25,51.72026256088806,2161.589638153944,One year,Fiber optic,Electronic check,Yes,0,No
ID_953,34,42.72703907459412,4650.65528153193,Month-to-month,No,Mailed check,Yes,1,No
ID_954,54,35.13752961194251,3426.305162375246,One year,No,Credit card,Yes,1,No
ID_955,38,115.29730531754285,1473.9271027995435,One year,No,Electronic check,No,1,Yes
ID_956,24,32.54560610807888,4750.307902661793,Month-to-month,Fiber optic,Bank transfer,No,0,No
ID_957,67,53.0239785857004,3506.2343678202446,One year,Fiber optic,Bank transfer,No,0,No
ID_958,2,33.485579084372155,5857.9061045601975,Month-to-month,DSL,Mailed check,No,1,No
ID_959,47,58.00451129370344,3241.5172089817456,Month-to-month,No,Credit card,Yes,1,No
ID_960,38,112.19044125013622,1419.502519588067,Two year,Fiber optic,Mailed check,Yes,0,Yes
ID_961,49,103.06665704996018,6422.384657571844,Month-to-month,No,Bank transfer,Yes,1,No
ID_962,24,91.5659140112864,5578.054264302374,One year,Fiber optic,Credit card,Yes,0,No
ID_963,36,43.00680595755881,4108.109798268237,Two year,No,Mailed check,No,1,No
ID_964,5,117.77300847574554,5236.270428642131,Month-to-month,DSL,Mailed check,No,1,No
ID_965,51,72.16502151665183,3731.1709599445394,Two year,DSL,Credit card,No,1,No
ID_966,39,28.908174625500052,5967.61767161278,Two year,Fiber optic,Mailed check,No,0,No
ID_967,54,84.68487243640118,815.8976713076497,One year,DSL,Credit card,Yes,1,Yes
ID_968,6,49.40389885601531,5941.548131823327,Month-to-month,No,Credit card,No,0,No
ID_969,64,48.43427857312035,2346.520317537692,One year,DSL,Bank transfer,No,0,Yes
ID_970,66,37.85817381113267,4978.860217810969,One year,DSL,Credit card,Yes,0,Yes
ID_971,47,22.528175736444837,6870.4459888798565,Month-to-month,Fiber optic,Credit card,No,1,No
ID_972,68,94.28574456432257,6842.137323517239,Month-to-month,No,Credit card,Yes,0,No
ID_973,55,41.081021146998495,2952.0861881645646,Two year,Fiber optic,Bank transfer,Yes,0,Yes
ID_974,16,83.89995517123427,6081.678976557662,Month-to-month,DSL,Electronic check,No,0,Yes
ID_975,38,52.53921435647374,2294.666036029618,Two year,Fiber optic,Mailed check,No,1,No
ID_976,15,84.20061029989549,6319.153713242629,Month-to-month,DSL,Credit card,Yes,0,No
ID_977,3,71.48331839439268,4484.356582416842,Month-to-month,DSL,Bank transfer,Yes,1,No
ID_978,6,65.39542640453016,7715.474762713541,One year,DSL,Bank transfer,No,0,Yes
ID_979,47,105.12506232162255,1631.52177845681,Month-to-month,Fiber optic,Bank transfer,No,0,No
ID_980,10,116.29401478927637,3616.4889013349557,One year,DSL,Electronic check,No,0,Yes
ID_981,63,73.59586434326994,191.48322522806342,Month-to-month,Fiber optic,Bank transfer,Yes,0,No
ID_982,56,69.33035905328045,3733.0426421053608,One year,No,Bank transfer,Yes,1,No
ID_983,67,114.44320548872537,736.2507994119309,Month-to-month,No,Electronic check,Yes,0,Yes
ID_984,52,41.15182132544635,3599.358003152036,Month-to-month,No,Electronic check,No,1,No
ID_985,12,51.26090060762061,2650.6006582048626,Month-to-month,Fiber optic,Electronic check,Yes,0,Yes
ID_986,2,61.87012084832372,5062.4914104096715,Two year,No,Mailed check,Yes,1,No
ID_987,45,69.17359229707603,5723.841271866149,One year,Fiber optic,Electronic check,Yes,1,No
ID_988,49,83.84442350714593,2018.15254968021,Two year,No,Credit card,No,1,No
ID_989,24,43.45864943318693,1818.7264152297566,Two year,Fiber optic,Bank transfer,Yes,0,No
ID_990,4,34.45376050596384,136.1645833447186,Month-to-month,DSL,Credit card,Yes,1,No
ID_991,16,75.85518055679424,6986.959062061136,Month-to-month,DSL,Mailed check,No,1,No
ID_992,39,90.07901065013645,2683.004349234439,One year,DSL,Bank transfer,No,0,Yes
ID_993,47,32.219995716684764,4504.828436620969,Month-to-month,Fiber optic,Credit card,No,1,No
ID_994,60,59.00595306860642,3779.031885788685,Month-to-month,No,Mailed check,Yes,0,No
ID_995,65,65.66952983593826,5808.840359078044,Month-to-month,No,Electronic check,No,0,Yes
ID_996,32,92.58813866279222,2056.1482956014015,One year,Fiber optic,Mailed check,No,1,Yes
ID_997,56,80.30286121067525,6678.378226429049,One year,DSL,Electronic check,No,1,No
ID_998,54,32.76408306369065,5841.266250265633,Two year,No,Electronic check,Yes,0,No
ID_999,28,47.7302007922256,3627.313765089723,Month-to-month,DSL,Mailed check,Yes,1,Yes
